cluster,label,size,top_terms
0,문화·청년·복지,84,신청 청년의 감독님의 마음을 한국 이창동 따뜻한 저작권
1,재난·애도,39,que the los 생명과 명복을 las 피해 기원합니다
2,부동산·세제,77,부동산 주택 집을 것이 금융 다주택 정상화 투기
3,영문 외교 성명,115,the and our Korea with cooperation for that
4,인사·동포·의례,124,동포 깊은 여러분께 che della 여러분의 전합니다 대한민국의
5,순방 현장,94,이재명 UAE APEC 정류장은 튀르키예 아랍에미리트 이집트 청와대
6,치안·민생 단속,97,장관 국민의 보이스피싱 대통령실 경찰 이재명 국민이 캄보디아
7,산업·경제,124,산업 세계 미래를 반도체 새로운 가장 산업의 성장
8,전산장애 대응,7,복구 서비스 완료 국가정보자원관리 장애 목록 보고드립니다 화재
9,반론·논쟁,163,것이 것은 아니라 없습니다 국민의 때문에 않습니다 아닙니다
