month,total,문화·청년·복지,재난·애도,부동산·세제,영문 외교 성명,인사·동포·의례,순방 현장,치안·민생 단속,산업·경제,전산장애 대응,반론·논쟁
2025-07,27,3,1,0,8,2,1,6,5,0,1
2025-08,24,4,2,1,8,5,0,2,2,0,0
2025-09,38,5,2,0,12,3,0,1,8,6,1
2025-10,34,3,0,0,12,2,3,3,10,1,0
2025-11,70,2,1,0,7,11,40,4,3,0,2
2025-12,43,4,1,1,3,4,13,7,8,0,2
2026-01,64,7,1,14,5,7,3,8,7,0,12
2026-02,72,8,4,19,2,7,4,6,5,0,17
2026-03,89,8,2,9,3,15,4,12,12,0,24
2026-04,58,2,4,5,6,13,2,9,5,0,12
2026-05,56,4,1,4,5,6,2,4,8,0,22
2026-06,80,4,2,6,13,14,2,9,8,0,22
2026-07,83,6,5,2,17,14,15,4,12,0,8
2026-08,37,3,6,4,2,5,1,5,5,0,6
2026-09,115,19,6,4,12,12,4,12,21,0,25
2026-10,34,2,1,8,0,4,0,5,5,0,9
