month,posts,replies,active_days
2021-08,145,0,31
2021-09,200,5,29
2021-10,92,4,25
2021-11,72,0,15
2021-12,82,0,17
2022-01,67,0,8
2022-02,47,0,21
2022-03,32,1,10
2022-04,1,0,1
2022-05,109,0,19
2022-06,2,0,2
2022-07,15,0,12
2022-08,7,0,6
2022-09,16,0,10
2022-10,21,0,14
2022-11,12,0,10
2022-12,9,0,7
2023-01,13,0,12
2023-02,8,0,6
2023-03,18,0,15
2023-04,37,0,18
2023-05,16,0,12
2023-06,15,0,13
2023-07,28,3,13
2023-08,18,0,14
2023-09,1,0,1
2023-10,0,0,0
2023-11,4,0,3
2023-12,13,0,10
2024-01,3,0,3
2024-02,9,0,7
2024-03,7,0,5
2024-04,12,0,8
2024-05,12,0,9
2024-06,9,0,8
2024-07,6,0,6
2024-08,10,0,10
2024-09,15,0,12
2024-10,21,0,10
2024-11,14,0,11
2024-12,24,1,15
2025-01,10,0,9
2025-02,35,1,20
2025-03,23,1,17
2025-04,99,0,24
2025-05,151,1,31
2025-06,63,1,17
2025-07,27,0,15
2025-08,24,0,15
2025-09,39,0,19
2025-10,35,0,15
2025-11,71,1,24
2025-12,44,1,20
2026-01,64,0,25
2026-02,72,1,26
2026-03,89,1,30
2026-04,58,2,24
2026-05,56,0,24
2026-06,80,2,28
2026-07,84,1,25
2026-08,37,0,21
2026-09,116,2,30
2026-10,34,0,5
