tweet_id,datetime_kst,cluster,cluster_label,tsne_x,tsne_y,likes,is_reply,is_quote,url
1939976531457318989,2025-07-01 18:17,6,영문 외교 성명,1.667,0.413,4551,0,0,https://x.com/Jaemyung_Lee/status/1939976531457318989
1940318321242734959,2025-07-02 16:55,6,영문 외교 성명,1.902,0.386,3480,0,0,https://x.com/Jaemyung_Lee/status/1940318321242734959
1940329746887528786,2025-07-02 17:40,4,인사·추모·동포,-0.097,0.847,6404,0,0,https://x.com/Jaemyung_Lee/status/1940329746887528786
1940569663747895599,2025-07-03 09:33,2,산업·경제,-0.358,0.142,5209,0,0,https://x.com/Jaemyung_Lee/status/1940569663747895599
1940677265098264749,2025-07-03 16:41,5,현안 대응·부처,-0.181,-1.392,4000,0,0,https://x.com/Jaemyung_Lee/status/1940677265098264749
1940769363038204272,2025-07-03 22:47,6,영문 외교 성명,1.29,1.125,3441,0,0,https://x.com/Jaemyung_Lee/status/1940769363038204272
1941004638846963906,2025-07-04 14:22,5,현안 대응·부처,-0.362,-1.238,7605,0,0,https://x.com/Jaemyung_Lee/status/1941004638846963906
1942160817094533471,2025-07-07 18:56,3,개혁·반론·정치,-0.633,-0.138,10926,0,0,https://x.com/Jaemyung_Lee/status/1942160817094533471
1942567071541518538,2025-07-08 21:50,2,산업·경제,0.397,1.811,3280,0,0,https://x.com/Jaemyung_Lee/status/1942567071541518538
1942811207662276689,2025-07-09 14:01,5,현안 대응·부처,-0.222,-1.14,20851,0,1,https://x.com/Jaemyung_Lee/status/1942811207662276689
1942812219970052421,2025-07-09 14:05,4,인사·추모·동포,-0.083,0.317,9885,0,1,https://x.com/Jaemyung_Lee/status/1942812219970052421
1943440093681004899,2025-07-11 07:40,5,현안 대응·부처,1.299,-1.675,11242,0,0,https://x.com/Jaemyung_Lee/status/1943440093681004899
1944667294262768093,2025-07-14 16:56,4,인사·추모·동포,-0.105,0.201,18122,0,0,https://x.com/Jaemyung_Lee/status/1944667294262768093
1944685021010551071,2025-07-14 18:06,4,인사·추모·동포,0.035,1.017,3016,0,0,https://x.com/Jaemyung_Lee/status/1944685021010551071
1945810247400182219,2025-07-17 20:38,6,영문 외교 성명,1.694,0.442,4616,0,0,https://x.com/Jaemyung_Lee/status/1945810247400182219
1947884773235691594,2025-07-23 14:01,4,인사·추모·동포,0.025,0.735,8510,0,0,https://x.com/Jaemyung_Lee/status/1947884773235691594
1947897968537096701,2025-07-23 14:54,5,현안 대응·부처,-0.387,-0.986,3029,0,0,https://x.com/Jaemyung_Lee/status/1947897968537096701
1947972472869114084,2025-07-23 19:50,4,인사·추모·동포,1.308,0.273,2665,0,0,https://x.com/Jaemyung_Lee/status/1947972472869114084
1947973730375971311,2025-07-23 19:55,6,영문 외교 성명,1.95,0.425,2957,0,0,https://x.com/Jaemyung_Lee/status/1947973730375971311
1948323768100900895,2025-07-24 19:05,2,산업·경제,0.562,1.798,5135,0,0,https://x.com/Jaemyung_Lee/status/1948323768100900895
1948351436364165191,2025-07-24 20:55,6,영문 외교 성명,1.789,0.707,3239,0,0,https://x.com/Jaemyung_Lee/status/1948351436364165191
1948352717644239202,2025-07-24 21:01,6,영문 외교 성명,1.421,0.334,2767,0,0,https://x.com/Jaemyung_Lee/status/1948352717644239202
1949401209078722982,2025-07-27 18:27,3,개혁·반론·정치,-1.458,0.242,6482,0,0,https://x.com/Jaemyung_Lee/status/1949401209078722982
1949705723744772393,2025-07-28 14:37,5,현안 대응·부처,-0.399,-1.022,3898,0,0,https://x.com/Jaemyung_Lee/status/1949705723744772393
1949757109715034471,2025-07-28 18:01,3,개혁·반론·정치,-1.482,-1.152,4297,0,0,https://x.com/Jaemyung_Lee/status/1949757109715034471
1950496604584350177,2025-07-30 19:00,2,산업·경제,0.302,2.332,3614,0,0,https://x.com/Jaemyung_Lee/status/1950496604584350177
1950511897490727270,2025-07-30 20:00,6,영문 외교 성명,1.339,0.569,2858,0,0,https://x.com/Jaemyung_Lee/status/1950511897490727270
1953802865262440863,2025-08-08 21:57,6,영문 외교 성명,1.927,0.08,4464,0,0,https://x.com/Jaemyung_Lee/status/1953802865262440863
1954876722215846387,2025-08-11 21:05,0,다자외교·정상회의,0.314,-1.333,2880,0,0,https://x.com/Jaemyung_Lee/status/1954876722215846387
1954878028536057900,2025-08-11 21:10,6,영문 외교 성명,1.788,0.439,2910,0,1,https://x.com/Jaemyung_Lee/status/1954878028536057900
1955117042287477201,2025-08-12 13:00,4,인사·추모·동포,-0.005,0.331,11694,0,0,https://x.com/Jaemyung_Lee/status/1955117042287477201
1955197713093627973,2025-08-12 18:20,2,산업·경제,-0.375,-1.029,3242,0,0,https://x.com/Jaemyung_Lee/status/1955197713093627973
1955623920855650596,2025-08-13 22:34,2,산업·경제,1.543,0.362,3076,0,0,https://x.com/Jaemyung_Lee/status/1955623920855650596
1955971768210088343,2025-08-14 21:36,6,영문 외교 성명,1.768,0.143,3225,0,0,https://x.com/Jaemyung_Lee/status/1955971768210088343
1956506447422144583,2025-08-16 09:01,4,인사·추모·동포,0.158,0.781,4281,0,0,https://x.com/Jaemyung_Lee/status/1956506447422144583
1957059871544947044,2025-08-17 21:40,4,인사·추모·동포,-0.251,1.003,5655,0,0,https://x.com/Jaemyung_Lee/status/1957059871544947044
1957348782192087527,2025-08-18 16:48,5,현안 대응·부처,0.922,1.364,3152,0,0,https://x.com/Jaemyung_Lee/status/1957348782192087527
1957416064016625740,2025-08-18 21:15,6,영문 외교 성명,1.64,0.667,3053,0,0,https://x.com/Jaemyung_Lee/status/1957416064016625740
1958484323625263134,2025-08-21 20:00,0,다자외교·정상회의,-0.496,-2.25,2380,0,0,https://x.com/Jaemyung_Lee/status/1958484323625263134
1958484365094289650,2025-08-21 20:00,4,인사·추모·동포,-0.491,-2.265,2383,0,0,https://x.com/Jaemyung_Lee/status/1958484365094289650
1958520807648551208,2025-08-21 22:25,6,영문 외교 성명,2.039,0.363,4949,0,0,https://x.com/Jaemyung_Lee/status/1958520807648551208
1959255576569151715,2025-08-23 23:05,4,인사·추모·동포,0.122,-0.259,6290,0,0,https://x.com/Jaemyung_Lee/status/1959255576569151715
1960164166083445129,2025-08-26 11:15,6,영문 외교 성명,1.624,-0.088,6447,0,0,https://x.com/Jaemyung_Lee/status/1960164166083445129
1960519395182305471,2025-08-27 10:47,5,현안 대응·부처,0.034,2.214,3108,0,0,https://x.com/Jaemyung_Lee/status/1960519395182305471
1960569690402775155,2025-08-27 14:06,4,인사·추모·동포,-0.026,-0.688,3086,0,0,https://x.com/Jaemyung_Lee/status/1960569690402775155
1960569741149659388,2025-08-27 14:07,4,인사·추모·동포,0.147,-0.508,5032,0,0,https://x.com/Jaemyung_Lee/status/1960569741149659388
1960930947685285915,2025-08-28 14:02,4,인사·추모·동포,-0.648,-0.604,4763,0,0,https://x.com/Jaemyung_Lee/status/1960930947685285915
1961036406601707550,2025-08-28 21:01,6,영문 외교 성명,1.414,0.423,3074,0,0,https://x.com/Jaemyung_Lee/status/1961036406601707550
1961037503944925345,2025-08-28 21:05,4,인사·추모·동포,1.35,0.279,2601,0,0,https://x.com/Jaemyung_Lee/status/1961037503944925345
1961370018425581822,2025-08-29 19:07,6,영문 외교 성명,1.465,0.415,3065,0,0,https://x.com/Jaemyung_Lee/status/1961370018425581822
1962093483214410099,2025-08-31 19:01,2,산업·경제,-0.286,-1.223,3770,0,0,https://x.com/Jaemyung_Lee/status/1962093483214410099
1962824127049539763,2025-09-02 19:25,3,개혁·반론·정치,-0.439,0.545,5191,0,0,https://x.com/Jaemyung_Lee/status/1962824127049539763
1962840647569903832,2025-09-02 20:30,6,영문 외교 성명,1.871,0.051,2443,0,0,https://x.com/Jaemyung_Lee/status/1962840647569903832
1962843207101980767,2025-09-02 20:41,3,개혁·반론·정치,-0.856,0.327,3383,0,0,https://x.com/Jaemyung_Lee/status/1962843207101980767
1963233496694235482,2025-09-03 22:31,2,산업·경제,0.223,2.045,3023,0,0,https://x.com/Jaemyung_Lee/status/1963233496694235482
1963404843227517376,2025-09-04 09:52,4,인사·추모·동포,-0.311,0.335,4035,0,0,https://x.com/Jaemyung_Lee/status/1963404843227517376
1963539079997657512,2025-09-04 18:46,2,산업·경제,-0.57,1.698,3184,0,0,https://x.com/Jaemyung_Lee/status/1963539079997657512
1963577626163118591,2025-09-04 21:19,6,영문 외교 성명,1.384,0.329,2771,0,0,https://x.com/Jaemyung_Lee/status/1963577626163118591
1963909513674678300,2025-09-05 19:18,2,산업·경제,0.385,1.855,2589,0,0,https://x.com/Jaemyung_Lee/status/1963909513674678300
1964277836967022974,2025-09-06 19:41,4,인사·추모·동포,0.111,0.442,4330,0,0,https://x.com/Jaemyung_Lee/status/1964277836967022974
1964996423574819162,2025-09-08 19:17,2,산업·경제,0.463,1.66,2595,0,0,https://x.com/Jaemyung_Lee/status/1964996423574819162
1965203527552413776,2025-09-09 09:00,5,현안 대응·부처,0.073,1.015,2467,0,0,https://x.com/Jaemyung_Lee/status/1965203527552413776
1965668809190281603,2025-09-10 15:48,3,개혁·반론·정치,-0.658,-0.191,3252,0,0,https://x.com/Jaemyung_Lee/status/1965668809190281603
1965933004624376201,2025-09-11 09:18,3,개혁·반론·정치,-0.612,-0.277,4838,0,0,https://x.com/Jaemyung_Lee/status/1965933004624376201
1966142309088813082,2025-09-11 23:10,6,영문 외교 성명,1.811,0.419,2308,0,0,https://x.com/Jaemyung_Lee/status/1966142309088813082
1966142447425323287,2025-09-11 23:11,6,영문 외교 성명,1.686,0.294,3105,0,0,https://x.com/Jaemyung_Lee/status/1966142447425323287
1966479080393765111,2025-09-12 21:28,4,인사·추모·동포,-0.145,1.136,3133,0,0,https://x.com/Jaemyung_Lee/status/1966479080393765111
1967541210265874752,2025-09-15 19:49,5,현안 대응·부처,-0.358,-1.11,4117,0,0,https://x.com/Jaemyung_Lee/status/1967541210265874752
1967925490972279176,2025-09-16 21:16,2,산업·경제,-0.146,1.896,2788,0,0,https://x.com/Jaemyung_Lee/status/1967925490972279176
1968621752423985187,2025-09-18 19:22,2,산업·경제,0.307,2.117,3854,0,0,https://x.com/Jaemyung_Lee/status/1968621752423985187
1969538535322468410,2025-09-21 08:05,2,산업·경제,0.471,0.925,3509,0,0,https://x.com/Jaemyung_Lee/status/1969538535322468410
1970401134952042675,2025-09-23 17:13,2,산업·경제,0.587,1.73,3073,0,0,https://x.com/Jaemyung_Lee/status/1970401134952042675
1970401805151429061,2025-09-23 17:16,6,영문 외교 성명,1.575,0.695,2266,0,0,https://x.com/Jaemyung_Lee/status/1970401805151429061
1970403232045506910,2025-09-23 17:21,4,인사·추모·동포,0.216,-0.435,3223,0,0,https://x.com/Jaemyung_Lee/status/1970403232045506910
1970655629242179647,2025-09-24 10:04,4,인사·추모·동포,0.383,0.833,18481,0,0,https://x.com/Jaemyung_Lee/status/1970655629242179647
1971019370848469203,2025-09-25 10:10,6,영문 외교 성명,1.733,0.395,2097,0,0,https://x.com/Jaemyung_Lee/status/1971019370848469203
1971019535172960674,2025-09-25 10:10,6,영문 외교 성명,1.44,0.37,1880,0,0,https://x.com/Jaemyung_Lee/status/1971019535172960674
1971058021855039634,2025-09-25 12:43,6,영문 외교 성명,1.942,0.5,2207,0,0,https://x.com/Jaemyung_Lee/status/1971058021855039634
1971223175540211895,2025-09-25 23:40,6,영문 외교 성명,1.509,0.692,2481,0,0,https://x.com/Jaemyung_Lee/status/1971223175540211895
1971223262802706917,2025-09-25 23:40,6,영문 외교 성명,1.873,0.508,3006,0,0,https://x.com/Jaemyung_Lee/status/1971223262802706917
1971223306947658167,2025-09-25 23:40,6,영문 외교 성명,1.724,0.475,2367,0,0,https://x.com/Jaemyung_Lee/status/1971223306947658167
1972519941997027795,2025-09-29 13:32,5,현안 대응·부처,0.658,-0.166,3588,0,0,https://x.com/Jaemyung_Lee/status/1972519941997027795
1972550427393806353,2025-09-29 15:34,5,현안 대응·부처,0.624,-0.109,2557,0,0,https://x.com/Jaemyung_Lee/status/1972550427393806353
1972595244412911942,2025-09-29 18:32,5,현안 대응·부처,0.661,-0.126,2055,0,0,https://x.com/Jaemyung_Lee/status/1972595244412911942
1972602366374678750,2025-09-29 19:00,6,영문 외교 성명,1.903,0.163,2297,0,0,https://x.com/Jaemyung_Lee/status/1972602366374678750
1972623372564799950,2025-09-29 20:23,4,인사·추모·동포,-0.383,0.009,3728,0,0,https://x.com/Jaemyung_Lee/status/1972623372564799950
1972805728265220280,2025-09-30 08:28,5,현안 대응·부처,0.621,-0.163,2386,0,0,https://x.com/Jaemyung_Lee/status/1972805728265220280
1972895141158633851,2025-09-30 14:23,5,현안 대응·부처,0.642,-0.177,2012,0,0,https://x.com/Jaemyung_Lee/status/1972895141158633851
1973020300389576705,2025-09-30 22:41,5,현안 대응·부처,0.645,-0.106,1776,0,0,https://x.com/Jaemyung_Lee/status/1973020300389576705
1973174693499904107,2025-10-01 08:54,5,현안 대응·부처,0.61,-0.138,2089,0,0,https://x.com/Jaemyung_Lee/status/1973174693499904107
1973283696775254456,2025-10-01 16:07,7,순방 현장,0.862,-0.484,11905,0,0,https://x.com/Jaemyung_Lee/status/1973283696775254456
1973339800624341480,2025-10-01 19:50,2,산업·경제,0.414,0.879,19639,0,0,https://x.com/Jaemyung_Lee/status/1973339800624341480
1973371032154284129,2025-10-01 21:54,2,산업·경제,0.525,1.74,3023,0,0,https://x.com/Jaemyung_Lee/status/1973371032154284129
1973635433906184427,2025-10-02 15:25,4,인사·추모·동포,0.156,-0.293,2269,0,0,https://x.com/Jaemyung_Lee/status/1973635433906184427
1973705684761116920,2025-10-02 20:04,7,순방 현장,1.285,-1.643,8649,0,0,https://x.com/Jaemyung_Lee/status/1973705684761116920
1974701082342269316,2025-10-05 14:00,4,인사·추모·동포,0.167,0.173,6301,0,0,https://x.com/Jaemyung_Lee/status/1974701082342269316
1975365485832421755,2025-10-07 10:00,4,인사·추모·동포,-0.127,0.145,8580,0,0,https://x.com/Jaemyung_Lee/status/1975365485832421755
1976531969426309251,2025-10-10 15:15,5,현안 대응·부처,0.036,0.949,3124,0,0,https://x.com/Jaemyung_Lee/status/1976531969426309251
1978370090258313546,2025-10-15 16:59,4,인사·추모·동포,-0.205,-1.175,2892,0,0,https://x.com/Jaemyung_Lee/status/1978370090258313546
1978439802518433915,2025-10-15 21:36,2,산업·경제,0.354,1.793,2333,0,0,https://x.com/Jaemyung_Lee/status/1978439802518433915
1978440178739143065,2025-10-15 21:37,6,영문 외교 성명,1.919,0.26,3081,0,0,https://x.com/Jaemyung_Lee/status/1978440178739143065
1978792557741305898,2025-10-16 20:58,6,영문 외교 성명,1.336,0.386,2691,0,0,https://x.com/Jaemyung_Lee/status/1978792557741305898
1980221447248470047,2025-10-20 19:35,2,산업·경제,0.4,1.759,2070,0,0,https://x.com/Jaemyung_Lee/status/1980221447248470047
1980262774388539437,2025-10-20 22:20,6,영문 외교 성명,1.522,0.175,2219,0,0,https://x.com/Jaemyung_Lee/status/1980262774388539437
1980423792955703395,2025-10-21 09:00,2,산업·경제,0.057,1.091,2109,0,0,https://x.com/Jaemyung_Lee/status/1980423792955703395
1980595508227035208,2025-10-21 20:22,2,산업·경제,0.288,2.19,3677,0,0,https://x.com/Jaemyung_Lee/status/1980595508227035208
1981917070385405987,2025-10-25 11:53,5,현안 대응·부처,-0.208,-1.532,2499,0,0,https://x.com/Jaemyung_Lee/status/1981917070385405987
1982597743291081168,2025-10-27 08:58,6,영문 외교 성명,1.792,-0.077,2107,0,0,https://x.com/Jaemyung_Lee/status/1982597743291081168
1982650226369609848,2025-10-27 12:27,0,다자외교·정상회의,0.111,-1.436,3271,0,0,https://x.com/Jaemyung_Lee/status/1982650226369609848
1982815894297522371,2025-10-27 23:25,6,영문 외교 성명,1.833,0.193,2029,0,0,https://x.com/Jaemyung_Lee/status/1982815894297522371
1983002997467893945,2025-10-28 11:48,6,영문 외교 성명,1.795,0.315,2160,0,0,https://x.com/Jaemyung_Lee/status/1983002997467893945
1983036757785600003,2025-10-28 14:03,0,다자외교·정상회의,1.342,-1.555,3081,0,0,https://x.com/Jaemyung_Lee/status/1983036757785600003
1983424734948958451,2025-10-29 15:44,2,산업·경제,0.516,1.786,2924,0,0,https://x.com/Jaemyung_Lee/status/1983424734948958451
1983452418705969169,2025-10-29 17:34,2,산업·경제,0.543,1.912,4407,0,0,https://x.com/Jaemyung_Lee/status/1983452418705969169
1983701989889581552,2025-10-30 10:06,6,영문 외교 성명,1.602,0.541,6824,0,0,https://x.com/Jaemyung_Lee/status/1983701989889581552
1983711555645764005,2025-10-30 10:44,7,순방 현장,0.412,-1.159,2016,0,0,https://x.com/Jaemyung_Lee/status/1983711555645764005
1984033144811786741,2025-10-31 08:02,6,영문 외교 성명,1.938,0.341,1968,0,0,https://x.com/Jaemyung_Lee/status/1984033144811786741
1984038195697488222,2025-10-31 08:22,6,영문 외교 성명,1.785,0.168,1828,0,0,https://x.com/Jaemyung_Lee/status/1984038195697488222
1984045604817993771,2025-10-31 08:51,6,영문 외교 성명,1.87,0.355,3257,0,0,https://x.com/Jaemyung_Lee/status/1984045604817993771
1984083060539998617,2025-10-31 11:20,6,영문 외교 성명,1.837,0.345,1652,0,0,https://x.com/Jaemyung_Lee/status/1984083060539998617
1984181493883908214,2025-10-31 17:51,2,산업·경제,0.636,1.511,4043,0,0,https://x.com/Jaemyung_Lee/status/1984181493883908214
1984222900669268166,2025-10-31 20:36,2,산업·경제,0.542,1.71,3386,0,0,https://x.com/Jaemyung_Lee/status/1984222900669268166
1984223040759275967,2025-10-31 20:36,6,영문 외교 성명,0.466,2.337,1958,0,0,https://x.com/Jaemyung_Lee/status/1984223040759275967
1984418084346827251,2025-11-01 09:31,6,영문 외교 성명,1.541,0.353,1992,0,0,https://x.com/Jaemyung_Lee/status/1984418084346827251
1984424628333527061,2025-11-01 09:57,7,순방 현장,1.269,-1.625,2029,0,0,https://x.com/Jaemyung_Lee/status/1984424628333527061
1984510540295946344,2025-11-01 15:39,6,영문 외교 성명,1.682,0.21,2170,0,0,https://x.com/Jaemyung_Lee/status/1984510540295946344
1984542931055976665,2025-11-01 17:48,6,영문 외교 성명,1.779,0.069,2321,0,0,https://x.com/Jaemyung_Lee/status/1984542931055976665
1984889568827453460,2025-11-02 16:45,6,영문 외교 성명,1.774,0.265,1908,0,0,https://x.com/Jaemyung_Lee/status/1984889568827453460
1984950365130018902,2025-11-02 20:47,7,순방 현장,0.585,-1.013,1818,0,0,https://x.com/Jaemyung_Lee/status/1984950365130018902
1984954035708055676,2025-11-02 21:01,7,순방 현장,0.902,-1.538,1744,0,0,https://x.com/Jaemyung_Lee/status/1984954035708055676
1985184848982741418,2025-11-03 12:18,2,산업·경제,0.613,2.17,3235,0,0,https://x.com/Jaemyung_Lee/status/1985184848982741418
1985633375655457167,2025-11-04 18:01,5,현안 대응·부처,-0.126,-1.189,2949,0,0,https://x.com/Jaemyung_Lee/status/1985633375655457167
1985681725759111539,2025-11-04 21:13,7,순방 현장,1.118,-1.369,2129,0,0,https://x.com/Jaemyung_Lee/status/1985681725759111539
1985692619616493973,2025-11-04 21:56,6,영문 외교 성명,1.549,0.739,3151,0,0,https://x.com/Jaemyung_Lee/status/1985692619616493973
1985844952866439568,2025-11-05 08:01,3,개혁·반론·정치,-1.527,0.022,3669,0,0,https://x.com/Jaemyung_Lee/status/1985844952866439568
1985959205346689277,2025-11-05 15:35,7,순방 현장,1.301,-1.615,3238,0,0,https://x.com/Jaemyung_Lee/status/1985959205346689277
1986411085033873671,2025-11-06 21:31,4,인사·추모·동포,-0.571,-0.178,3464,0,0,https://x.com/Jaemyung_Lee/status/1986411085033873671
1986584383025803531,2025-11-07 09:00,5,현안 대응·부처,-0.309,-1.894,1819,0,0,https://x.com/Jaemyung_Lee/status/1986584383025803531
1986745864342430145,2025-11-07 19:41,7,순방 현장,0.628,-1.115,1584,0,0,https://x.com/Jaemyung_Lee/status/1986745864342430145
1986750743358148852,2025-11-07 20:01,7,순방 현장,0.302,0.19,2128,0,0,https://x.com/Jaemyung_Lee/status/1986750743358148852
1986758029581181309,2025-11-07 20:30,7,순방 현장,0.835,-0.848,2100,0,0,https://x.com/Jaemyung_Lee/status/1986758029581181309
1988034012854841591,2025-11-11 09:00,4,인사·추모·동포,-0.01,1.056,2155,0,0,https://x.com/Jaemyung_Lee/status/1988034012854841591
1988208500401730016,2025-11-11 20:33,2,산업·경제,0.315,2.224,2995,0,0,https://x.com/Jaemyung_Lee/status/1988208500401730016
1988555221803717068,2025-11-12 19:31,7,순방 현장,0.558,-0.875,1579,0,0,https://x.com/Jaemyung_Lee/status/1988555221803717068
1988591174060474770,2025-11-12 21:54,5,현안 대응·부처,-0.457,1.119,1888,0,0,https://x.com/Jaemyung_Lee/status/1988591174060474770
1988599063055605815,2025-11-12 22:25,4,인사·추모·동포,-0.256,1.073,5015,0,0,https://x.com/Jaemyung_Lee/status/1988599063055605815
1988898984585298220,2025-11-13 18:17,4,인사·추모·동포,-0.092,-0.788,2272,0,0,https://x.com/Jaemyung_Lee/status/1988898984585298220
1988909955542356399,2025-11-13 19:01,5,현안 대응·부처,0.274,-1.028,2249,0,0,https://x.com/Jaemyung_Lee/status/1988909955542356399
1989181498596159656,2025-11-14 13:00,7,순방 현장,1.148,-1.371,3564,0,0,https://x.com/Jaemyung_Lee/status/1989181498596159656
1989469130861547844,2025-11-15 08:02,7,순방 현장,0.831,-0.938,2592,0,0,https://x.com/Jaemyung_Lee/status/1989469130861547844
1989853972015059098,2025-11-16 09:32,3,개혁·반론·정치,-1.04,-0.108,4179,0,0,https://x.com/Jaemyung_Lee/status/1989853972015059098
1990019475652129098,2025-11-16 20:29,2,산업·경제,0.313,1.904,3216,0,0,https://x.com/Jaemyung_Lee/status/1990019475652129098
1990031621349908725,2025-11-16 21:18,5,현안 대응·부처,1.162,-1.372,2475,0,0,https://x.com/Jaemyung_Lee/status/1990031621349908725
1990233609698250781,2025-11-17 10:40,7,순방 현장,1.055,-1.002,3856,0,0,https://x.com/Jaemyung_Lee/status/1990233609698250781
1990431471421591666,2025-11-17 23:46,4,인사·추모·동포,0.024,-0.462,2380,0,0,https://x.com/Jaemyung_Lee/status/1990431471421591666
1990606312552743266,2025-11-18 11:21,4,인사·추모·동포,0.196,-0.347,2265,0,0,https://x.com/Jaemyung_Lee/status/1990606312552743266
1990633088834244696,2025-11-18 13:08,7,순방 현장,0.988,-0.946,3095,0,0,https://x.com/Jaemyung_Lee/status/1990633088834244696
1990649197046153668,2025-11-18 14:12,7,순방 현장,0.989,-0.998,2254,0,0,https://x.com/Jaemyung_Lee/status/1990649197046153668
1990660839670755387,2025-11-18 14:58,7,순방 현장,0.923,-1.284,1659,0,0,https://x.com/Jaemyung_Lee/status/1990660839670755387
1990666441176326478,2025-11-18 15:20,7,순방 현장,0.966,-1.059,1715,0,0,https://x.com/Jaemyung_Lee/status/1990666441176326478
1990796566140207485,2025-11-18 23:57,7,순방 현장,0.925,-1.124,3683,0,0,https://x.com/Jaemyung_Lee/status/1990796566140207485
1991003115924099161,2025-11-19 13:38,7,순방 현장,0.895,-0.523,2344,0,0,https://x.com/Jaemyung_Lee/status/1991003115924099161
1991152061250183223,2025-11-19 23:30,4,인사·추모·동포,1.071,0.284,3476,0,0,https://x.com/Jaemyung_Lee/status/1991152061250183223
1991305045766447603,2025-11-20 09:38,7,순방 현장,0.79,-0.607,1830,0,0,https://x.com/Jaemyung_Lee/status/1991305045766447603
1991329755971613001,2025-11-20 11:16,7,순방 현장,0.933,-1.259,2050,0,0,https://x.com/Jaemyung_Lee/status/1991329755971613001
1991656865282027923,2025-11-21 08:56,7,순방 현장,0.948,-1.204,1814,0,0,https://x.com/Jaemyung_Lee/status/1991656865282027923
1991662579446607895,2025-11-21 09:18,7,순방 현장,0.979,-1.22,1660,0,0,https://x.com/Jaemyung_Lee/status/1991662579446607895
1991705934461301252,2025-11-21 12:11,7,순방 현장,0.856,-0.991,1614,0,0,https://x.com/Jaemyung_Lee/status/1991705934461301252
1991715813699768452,2025-11-21 12:50,4,인사·추모·동포,0.109,-0.335,2720,0,0,https://x.com/Jaemyung_Lee/status/1991715813699768452
1991763578836386274,2025-11-21 16:00,7,순방 현장,0.961,-1.168,1798,0,0,https://x.com/Jaemyung_Lee/status/1991763578836386274
1992279370380316673,2025-11-23 02:09,7,순방 현장,1.089,-1.06,1460,0,0,https://x.com/Jaemyung_Lee/status/1992279370380316673
1992286013121863774,2025-11-23 02:36,7,순방 현장,0.934,-0.788,1722,0,0,https://x.com/Jaemyung_Lee/status/1992286013121863774
1992308142206779473,2025-11-23 04:04,7,순방 현장,0.741,-1.498,2376,0,0,https://x.com/Jaemyung_Lee/status/1992308142206779473
1992313997077680186,2025-11-23 04:27,7,순방 현장,1.0,-1.429,1700,0,0,https://x.com/Jaemyung_Lee/status/1992313997077680186
1992469583471767788,2025-11-23 14:45,7,순방 현장,1.006,-1.412,1479,0,0,https://x.com/Jaemyung_Lee/status/1992469583471767788
1992579277888631141,2025-11-23 22:01,7,순방 현장,0.79,-0.674,1502,0,0,https://x.com/Jaemyung_Lee/status/1992579277888631141
1992601488137584701,2025-11-23 23:29,6,영문 외교 성명,1.672,0.236,2382,0,0,https://x.com/Jaemyung_Lee/status/1992601488137584701
1992603733063295432,2025-11-23 23:38,6,영문 외교 성명,1.791,0.683,1900,0,0,https://x.com/Jaemyung_Lee/status/1992603733063295432
1992605108262379582,2025-11-23 23:44,4,인사·추모·동포,0.161,-0.268,1635,0,0,https://x.com/Jaemyung_Lee/status/1992605108262379582
1992812106589311315,2025-11-24 13:26,7,순방 현장,1.032,-1.177,1375,0,0,https://x.com/Jaemyung_Lee/status/1992812106589311315
1992834679335186651,2025-11-24 14:56,4,인사·추모·동포,1.146,-1.118,1911,0,0,https://x.com/Jaemyung_Lee/status/1992834679335186651
1992948640038666374,2025-11-24 22:29,7,순방 현장,0.936,-0.95,2510,0,0,https://x.com/Jaemyung_Lee/status/1992948640038666374
1993010965731065923,2025-11-25 02:36,7,순방 현장,0.84,-1.114,1519,0,0,https://x.com/Jaemyung_Lee/status/1993010965731065923
1993109595385221233,2025-11-25 09:08,7,순방 현장,0.88,-1.206,1429,0,0,https://x.com/Jaemyung_Lee/status/1993109595385221233
1993110456752623957,2025-11-25 09:12,7,순방 현장,0.877,-1.231,1788,0,0,https://x.com/Jaemyung_Lee/status/1993110456752623957
1993147197043708243,2025-11-25 11:38,4,인사·추모·동포,0.055,-0.419,1858,0,0,https://x.com/Jaemyung_Lee/status/1993147197043708243
1993323910172230041,2025-11-25 23:20,4,인사·추모·동포,-0.04,-0.426,2210,0,0,https://x.com/Jaemyung_Lee/status/1993323910172230041
1993326308462641558,2025-11-25 23:30,4,인사·추모·동포,0.211,-0.317,2382,0,0,https://x.com/Jaemyung_Lee/status/1993326308462641558
1993492408928293111,2025-11-26 10:30,7,순방 현장,0.849,-1.193,2032,0,0,https://x.com/Jaemyung_Lee/status/1993492408928293111
1993551711965970514,2025-11-26 14:25,7,순방 현장,0.928,-0.707,2400,0,0,https://x.com/Jaemyung_Lee/status/1993551711965970514
1993975228150755736,2025-11-27 18:28,7,순방 현장,0.708,-0.582,3878,0,0,https://x.com/Jaemyung_Lee/status/1993975228150755736
1994374958777004506,2025-11-28 20:56,4,인사·추모·동포,-0.703,-1.576,2908,0,0,https://x.com/Jaemyung_Lee/status/1994374958777004506
1994402871983624609,2025-11-28 22:47,5,현안 대응·부처,-0.068,-1.599,2208,0,0,https://x.com/Jaemyung_Lee/status/1994402871983624609
1995314405748441508,2025-12-01 11:10,3,개혁·반론·정치,-0.962,0.483,5337,0,0,https://x.com/Jaemyung_Lee/status/1995314405748441508
1995644080588460428,2025-12-02 09:00,2,산업·경제,0.027,1.109,1787,0,0,https://x.com/Jaemyung_Lee/status/1995644080588460428
1995766183442960539,2025-12-02 17:05,0,다자외교·정상회의,0.306,-1.166,2903,0,0,https://x.com/Jaemyung_Lee/status/1995766183442960539
1995832597671530742,2025-12-02 21:29,7,순방 현장,0.304,-1.068,1649,0,0,https://x.com/Jaemyung_Lee/status/1995832597671530742
1995841642767777992,2025-12-02 22:05,5,현안 대응·부처,-0.166,-1.374,2080,0,0,https://x.com/Jaemyung_Lee/status/1995841642767777992
1996135457223323736,2025-12-03 17:32,7,순방 현장,0.76,-1.184,2084,0,0,https://x.com/Jaemyung_Lee/status/1996135457223323736
1996158285003800706,2025-12-03 19:03,4,인사·추모·동포,-0.138,-0.756,2925,0,0,https://x.com/Jaemyung_Lee/status/1996158285003800706
1996175233435463915,2025-12-03 20:10,0,다자외교·정상회의,0.253,-1.23,1922,0,0,https://x.com/Jaemyung_Lee/status/1996175233435463915
1996177191537955267,2025-12-03 20:18,0,다자외교·정상회의,0.33,-1.165,1313,0,0,https://x.com/Jaemyung_Lee/status/1996177191537955267
1996178696634532068,2025-12-03 20:24,7,순방 현장,0.841,-0.352,1285,0,0,https://x.com/Jaemyung_Lee/status/1996178696634532068
1996220665771520465,2025-12-03 23:11,4,인사·추모·동포,0.553,0.442,1947,0,0,https://x.com/Jaemyung_Lee/status/1996220665771520465
1996509347023835362,2025-12-04 18:18,7,순방 현장,0.095,1.778,1525,0,0,https://x.com/Jaemyung_Lee/status/1996509347023835362
1996519855160533047,2025-12-04 19:00,7,순방 현장,0.734,-0.664,1499,0,0,https://x.com/Jaemyung_Lee/status/1996519855160533047
1996550209783169038,2025-12-04 21:00,2,산업·경제,0.161,1.955,2591,0,0,https://x.com/Jaemyung_Lee/status/1996550209783169038
1996878151620637000,2025-12-05 18:43,6,영문 외교 성명,1.752,0.337,1857,0,0,https://x.com/Jaemyung_Lee/status/1996878151620637000
1996913282725429481,2025-12-05 21:03,2,산업·경제,0.511,1.701,2532,0,0,https://x.com/Jaemyung_Lee/status/1996913282725429481
1997492559883682050,2025-12-07 11:25,1,부동산·세제,-1.443,0.327,2788,0,0,https://x.com/Jaemyung_Lee/status/1997492559883682050
1997579105219563991,2025-12-07 17:09,5,현안 대응·부처,-0.76,0.93,3520,0,1,https://x.com/Jaemyung_Lee/status/1997579105219563991
1997580496206004645,2025-12-07 17:14,2,산업·경제,0.339,1.657,2072,0,1,https://x.com/Jaemyung_Lee/status/1997580496206004645
1997631549433397558,2025-12-07 20:37,3,개혁·반론·정치,-1.006,0.151,6222,0,0,https://x.com/Jaemyung_Lee/status/1997631549433397558
1997813220351017088,2025-12-08 08:39,5,현안 대응·부처,-0.566,0.483,6541,0,0,https://x.com/Jaemyung_Lee/status/1997813220351017088
1998004810432594024,2025-12-08 21:20,2,산업·경제,0.224,1.855,2843,0,0,https://x.com/Jaemyung_Lee/status/1998004810432594024
1998728027510092044,2025-12-10 21:14,6,영문 외교 성명,1.871,0.406,1893,0,0,https://x.com/Jaemyung_Lee/status/1998728027510092044
1998730763026747425,2025-12-10 21:25,2,산업·경제,0.369,1.865,2859,0,0,https://x.com/Jaemyung_Lee/status/1998730763026747425
1999073841818308855,2025-12-11 20:08,6,영문 외교 성명,1.863,0.105,2333,0,0,https://x.com/Jaemyung_Lee/status/1999073841818308855
2000571261920104573,2025-12-15 23:18,3,개혁·반론·정치,-0.878,-0.894,4110,0,0,https://x.com/Jaemyung_Lee/status/2000571261920104573
2000864651501007341,2025-12-16 18:44,7,순방 현장,0.752,-0.902,2073,0,0,https://x.com/Jaemyung_Lee/status/2000864651501007341
2000905803356889470,2025-12-16 21:28,4,인사·추모·동포,-0.091,0.101,2879,0,0,https://x.com/Jaemyung_Lee/status/2000905803356889470
2001077462634029311,2025-12-17 08:50,5,현안 대응·부처,0.661,-0.426,1835,0,0,https://x.com/Jaemyung_Lee/status/2001077462634029311
2001207843807248846,2025-12-17 17:28,7,순방 현장,0.731,-0.509,2866,0,0,https://x.com/Jaemyung_Lee/status/2001207843807248846
2001230976408805502,2025-12-17 19:00,7,순방 현장,0.718,-0.53,1868,0,0,https://x.com/Jaemyung_Lee/status/2001230976408805502
2001240957723840731,2025-12-17 19:40,5,현안 대응·부처,0.705,-0.449,2640,0,0,https://x.com/Jaemyung_Lee/status/2001240957723840731
2002179338301788316,2025-12-20 09:48,5,현안 대응·부처,-0.001,0.865,5437,0,0,https://x.com/Jaemyung_Lee/status/2002179338301788316
2002575067931463909,2025-12-21 12:01,3,개혁·반론·정치,-0.817,-0.904,4466,0,0,https://x.com/Jaemyung_Lee/status/2002575067931463909
2003033554515845153,2025-12-22 18:23,5,현안 대응·부처,-0.071,-1.632,2095,0,0,https://x.com/Jaemyung_Lee/status/2003033554515845153
2003785956437201250,2025-12-24 20:12,4,인사·추모·동포,-0.353,0.015,3581,0,0,https://x.com/Jaemyung_Lee/status/2003785956437201250
2003793515776786648,2025-12-24 20:42,7,순방 현장,0.768,-0.937,2859,0,0,https://x.com/Jaemyung_Lee/status/2003793515776786648
2003964010254025110,2025-12-25 08:00,4,인사·추모·동포,0.005,0.272,6371,0,0,https://x.com/Jaemyung_Lee/status/2003964010254025110
2004491520158892144,2025-12-26 18:56,4,인사·추모·동포,-0.169,-0.231,2896,0,0,https://x.com/Jaemyung_Lee/status/2004491520158892144
2005626884693102617,2025-12-29 22:08,7,순방 현장,0.479,-0.913,4337,0,0,https://x.com/Jaemyung_Lee/status/2005626884693102617
2005891831620661619,2025-12-30 15:40,5,현안 대응·부처,-0.079,-1.5,2832,0,0,https://x.com/Jaemyung_Lee/status/2005891831620661619
2005930611568173534,2025-12-30 18:15,5,현안 대응·부처,-0.22,1.582,2374,0,0,https://x.com/Jaemyung_Lee/status/2005930611568173534
2005976123474391059,2025-12-30 21:15,4,인사·추모·동포,-0.08,0.49,6078,0,0,https://x.com/Jaemyung_Lee/status/2005976123474391059
2006565769816293608,2026-01-01 12:18,7,순방 현장,0.727,-1.075,3665,0,0,https://x.com/Jaemyung_Lee/status/2006565769816293608
2006869528731594892,2026-01-02 08:25,4,인사·추모·동포,-0.139,1.139,2710,0,0,https://x.com/Jaemyung_Lee/status/2006869528731594892
2007009531780575543,2026-01-02 17:42,3,개혁·반론·정치,-0.407,-0.678,2033,0,0,https://x.com/Jaemyung_Lee/status/2007009531780575543
2007026935516553696,2026-01-02 18:51,7,순방 현장,0.83,-0.31,6347,0,0,https://x.com/Jaemyung_Lee/status/2007026935516553696
2007608743425659092,2026-01-04 09:23,3,개혁·반론·정치,-1.018,-0.401,5056,0,0,https://x.com/Jaemyung_Lee/status/2007608743425659092
2008000267288256976,2026-01-05 11:19,4,인사·추모·동포,0.108,-0.123,4509,0,0,https://x.com/Jaemyung_Lee/status/2008000267288256976
2008187260437680381,2026-01-05 23:42,4,인사·추모·동포,-0.214,0.441,39951,0,0,https://x.com/Jaemyung_Lee/status/2008187260437680381
2008326577038176361,2026-01-06 08:55,3,개혁·반론·정치,-1.022,0.041,8710,0,0,https://x.com/Jaemyung_Lee/status/2008326577038176361
2008469476241809529,2026-01-06 18:23,6,영문 외교 성명,1.38,0.563,4824,0,0,https://x.com/Jaemyung_Lee/status/2008469476241809529
2008471090847510678,2026-01-06 18:29,6,영문 외교 성명,1.4,0.531,3623,0,0,https://x.com/Jaemyung_Lee/status/2008471090847510678
2008684626966179926,2026-01-07 08:38,6,영문 외교 성명,1.43,0.183,4098,0,0,https://x.com/Jaemyung_Lee/status/2008684626966179926
2008825076897231199,2026-01-07 17:56,2,산업·경제,0.296,1.673,3447,0,0,https://x.com/Jaemyung_Lee/status/2008825076897231199
2008854774528245871,2026-01-07 19:54,3,개혁·반론·정치,0.707,-1.076,5901,0,0,https://x.com/Jaemyung_Lee/status/2008854774528245871
2009865045908566195,2026-01-10 14:49,4,인사·추모·동포,0.006,-0.905,4503,0,0,https://x.com/Jaemyung_Lee/status/2009865045908566195
2010617802890293359,2026-01-12 16:40,0,다자외교·정상회의,0.397,0.711,5165,0,0,https://x.com/Jaemyung_Lee/status/2010617802890293359
2011063583204147463,2026-01-13 22:11,4,인사·추모·동포,-0.195,0.325,126182,0,0,https://x.com/Jaemyung_Lee/status/2011063583204147463
2011225579463589959,2026-01-14 08:55,4,인사·추모·동포,-0.158,0.325,50937,0,0,https://x.com/Jaemyung_Lee/status/2011225579463589959
2011267279477170505,2026-01-14 11:41,1,부동산·세제,-1.681,0.695,3555,0,0,https://x.com/Jaemyung_Lee/status/2011267279477170505
2011351706064601301,2026-01-14 17:16,4,인사·추모·동포,0.07,-0.102,3600,0,0,https://x.com/Jaemyung_Lee/status/2011351706064601301
2011725159523369017,2026-01-15 18:00,4,인사·추모·동포,0.082,0.547,3088,0,0,https://x.com/Jaemyung_Lee/status/2011725159523369017
2011752282824851918,2026-01-15 19:48,4,인사·추모·동포,1.102,0.324,2167,0,0,https://x.com/Jaemyung_Lee/status/2011752282824851918
2011951795061571820,2026-01-16 09:01,2,산업·경제,0.054,1.156,1774,0,0,https://x.com/Jaemyung_Lee/status/2011951795061571820
2011954103858184259,2026-01-16 09:10,3,개혁·반론·정치,-0.995,0.443,3521,0,0,https://x.com/Jaemyung_Lee/status/2011954103858184259
2012088387784819056,2026-01-16 18:03,3,개혁·반론·정치,-1.177,0.049,16810,0,1,https://x.com/Jaemyung_Lee/status/2012088387784819056
2012138567393517921,2026-01-16 21:23,6,영문 외교 성명,1.331,0.604,12960,0,0,https://x.com/Jaemyung_Lee/status/2012138567393517921
2012701136587755611,2026-01-18 10:38,5,현안 대응·부처,-0.561,-1.326,3549,0,0,https://x.com/Jaemyung_Lee/status/2012701136587755611
2012708245119643881,2026-01-18 11:06,3,개혁·반론·정치,-0.997,-1.197,4726,0,1,https://x.com/Jaemyung_Lee/status/2012708245119643881
2012803909610508725,2026-01-18 17:27,5,현안 대응·부처,-1.28,0.612,8115,0,0,https://x.com/Jaemyung_Lee/status/2012803909610508725
2013129247255298542,2026-01-19 14:59,3,개혁·반론·정치,-0.935,-0.54,3169,0,0,https://x.com/Jaemyung_Lee/status/2013129247255298542
2013215850611028056,2026-01-19 20:43,4,인사·추모·동포,-0.135,0.385,5431,0,1,https://x.com/Jaemyung_Lee/status/2013215850611028056
2013579029010620444,2026-01-20 20:47,3,개혁·반론·정치,-1.368,-0.896,4336,0,0,https://x.com/Jaemyung_Lee/status/2013579029010620444
2013589966669107519,2026-01-20 21:30,6,영문 외교 성명,1.493,0.34,2587,0,0,https://x.com/Jaemyung_Lee/status/2013589966669107519
2013914638472319277,2026-01-21 19:00,4,인사·추모·동포,-0.449,-2.2,2626,0,0,https://x.com/Jaemyung_Lee/status/2013914638472319277
2014322639763083682,2026-01-22 22:01,1,부동산·세제,-1.575,0.735,4424,0,1,https://x.com/Jaemyung_Lee/status/2014322639763083682
2014369119798476992,2026-01-23 01:06,1,부동산·세제,-1.854,-0.098,3159,0,0,https://x.com/Jaemyung_Lee/status/2014369119798476992
2014663656060158452,2026-01-23 20:37,7,순방 현장,0.653,-0.901,5829,0,0,https://x.com/Jaemyung_Lee/status/2014663656060158452
2015020589543760072,2026-01-24 20:15,0,다자외교·정상회의,0.909,1.517,3081,0,0,https://x.com/Jaemyung_Lee/status/2015020589543760072
2015036177590738971,2026-01-24 21:17,2,산업·경제,0.367,2.081,2841,0,0,https://x.com/Jaemyung_Lee/status/2015036177590738971
2015081378732442003,2026-01-25 00:16,3,개혁·반론·정치,-0.838,-0.951,4676,0,0,https://x.com/Jaemyung_Lee/status/2015081378732442003
2015207118878781874,2026-01-25 08:36,2,산업·경제,0.6,1.881,3398,0,1,https://x.com/Jaemyung_Lee/status/2015207118878781874
2015246037724938567,2026-01-25 11:11,3,개혁·반론·정치,-1.582,-0.175,4037,0,0,https://x.com/Jaemyung_Lee/status/2015246037724938567
2015279998471655584,2026-01-25 13:26,1,부동산·세제,-1.63,0.002,2897,0,0,https://x.com/Jaemyung_Lee/status/2015279998471655584
2015298331782922290,2026-01-25 14:38,1,부동산·세제,-1.72,0.001,3394,0,0,https://x.com/Jaemyung_Lee/status/2015298331782922290
2015403193468170423,2026-01-25 21:35,1,부동산·세제,-1.596,0.118,3661,0,0,https://x.com/Jaemyung_Lee/status/2015403193468170423
2015686347575750923,2026-01-26 16:20,1,부동산·세제,-1.475,0.766,5730,0,0,https://x.com/Jaemyung_Lee/status/2015686347575750923
2016179481615204522,2026-01-28 01:00,5,현안 대응·부처,-1.143,0.748,2957,0,0,https://x.com/Jaemyung_Lee/status/2016179481615204522
2016290508310773815,2026-01-28 08:21,3,개혁·반론·정치,-1.372,0.045,3548,0,0,https://x.com/Jaemyung_Lee/status/2016290508310773815
2016290881708687493,2026-01-28 08:23,1,부동산·세제,-1.157,0.787,2651,0,0,https://x.com/Jaemyung_Lee/status/2016290881708687493
2016302707691421804,2026-01-28 09:10,0,다자외교·정상회의,0.061,-1.026,2257,0,0,https://x.com/Jaemyung_Lee/status/2016302707691421804
2016433587160285567,2026-01-28 17:50,4,인사·추모·동포,1.137,0.371,2147,0,0,https://x.com/Jaemyung_Lee/status/2016433587160285567
2016446275978420233,2026-01-28 18:40,1,부동산·세제,-1.303,0.44,4457,0,0,https://x.com/Jaemyung_Lee/status/2016446275978420233
2016496272899965088,2026-01-28 21:59,3,개혁·반론·정치,-1.387,-0.09,5566,0,0,https://x.com/Jaemyung_Lee/status/2016496272899965088
2016500198256836658,2026-01-28 22:14,5,현안 대응·부처,-0.212,1.494,3669,0,0,https://x.com/Jaemyung_Lee/status/2016500198256836658
2016694665136001299,2026-01-29 11:07,3,개혁·반론·정치,-1.356,-0.03,2861,0,0,https://x.com/Jaemyung_Lee/status/2016694665136001299
2016725425431716191,2026-01-29 13:09,1,부동산·세제,-1.52,0.622,3475,0,0,https://x.com/Jaemyung_Lee/status/2016725425431716191
2017027074742243352,2026-01-30 09:08,2,산업·경제,0.066,1.214,2118,0,0,https://x.com/Jaemyung_Lee/status/2017027074742243352
2017146450132795746,2026-01-30 17:02,4,인사·추모·동포,0.417,0.794,2466,0,0,https://x.com/Jaemyung_Lee/status/2017146450132795746
2017186973853872560,2026-01-30 19:43,2,산업·경제,0.285,1.743,2623,0,0,https://x.com/Jaemyung_Lee/status/2017186973853872560
2017209296648556970,2026-01-30 21:12,5,현안 대응·부처,-0.584,1.483,4150,0,0,https://x.com/Jaemyung_Lee/status/2017209296648556970
2017222600905363763,2026-01-30 22:05,4,인사·추모·동포,1.285,0.246,3043,0,0,https://x.com/Jaemyung_Lee/status/2017222600905363763
2017270224547197098,2026-01-31 01:14,0,다자외교·정상회의,-0.8,-1.272,4472,0,0,https://x.com/Jaemyung_Lee/status/2017270224547197098
2017272498505839073,2026-01-31 01:23,1,부동산·세제,-2.001,-0.095,4755,0,0,https://x.com/Jaemyung_Lee/status/2017272498505839073
2017383576652943633,2026-01-31 08:45,1,부동산·세제,-1.849,0.145,6176,0,0,https://x.com/Jaemyung_Lee/status/2017383576652943633
2017611111806439452,2026-01-31 23:49,1,부동산·세제,-1.623,-0.217,7961,0,0,https://x.com/Jaemyung_Lee/status/2017611111806439452
2017720376927879633,2026-02-01 07:03,1,부동산·세제,-1.621,-0.147,10385,0,0,https://x.com/Jaemyung_Lee/status/2017720376927879633
2017730328220340562,2026-02-01 07:42,3,개혁·반론·정치,-0.349,-0.39,9755,0,0,https://x.com/Jaemyung_Lee/status/2017730328220340562
2017740682241445894,2026-02-01 08:24,3,개혁·반론·정치,-1.395,-0.042,4391,0,0,https://x.com/Jaemyung_Lee/status/2017740682241445894
2018102458552381735,2026-02-02 08:21,1,부동산·세제,-1.567,0.76,4681,0,0,https://x.com/Jaemyung_Lee/status/2018102458552381735
2018103404636352831,2026-02-02 08:25,1,부동산·세제,-1.011,0.41,5473,0,0,https://x.com/Jaemyung_Lee/status/2018103404636352831
2018198147697439064,2026-02-02 14:41,4,인사·추모·동포,-0.027,0.217,3656,0,0,https://x.com/Jaemyung_Lee/status/2018198147697439064
2018198523909669020,2026-02-02 14:43,3,개혁·반론·정치,-1.289,-0.068,6538,0,0,https://x.com/Jaemyung_Lee/status/2018198523909669020
2018248427344421031,2026-02-02 18:01,4,인사·추모·동포,0.421,0.53,9561,0,0,https://x.com/Jaemyung_Lee/status/2018248427344421031
2018445761537818930,2026-02-03 07:05,5,현안 대응·부처,-0.523,1.103,4458,0,0,https://x.com/Jaemyung_Lee/status/2018445761537818930
2018461611544158667,2026-02-03 08:08,1,부동산·세제,-1.706,-0.089,12780,0,0,https://x.com/Jaemyung_Lee/status/2018461611544158667
2018476415457620240,2026-02-03 09:07,1,부동산·세제,-1.178,0.15,5993,0,0,https://x.com/Jaemyung_Lee/status/2018476415457620240
2018673565243982037,2026-02-03 22:10,3,개혁·반론·정치,-1.139,0.064,6609,0,0,https://x.com/Jaemyung_Lee/status/2018673565243982037
2018819916707897501,2026-02-04 07:52,1,부동산·세제,-1.899,-0.101,8446,0,0,https://x.com/Jaemyung_Lee/status/2018819916707897501
2018982621720805463,2026-02-04 18:39,7,순방 현장,-0.839,0.627,7463,0,0,https://x.com/Jaemyung_Lee/status/2018982621720805463
2019075194363453563,2026-02-05 00:46,3,개혁·반론·정치,-0.997,-0.71,5816,0,0,https://x.com/Jaemyung_Lee/status/2019075194363453563
2019079259587830233,2026-02-05 01:03,1,부동산·세제,-1.958,-0.199,6110,0,0,https://x.com/Jaemyung_Lee/status/2019079259587830233
2019322554348106008,2026-02-05 17:09,2,산업·경제,0.381,1.462,4002,0,0,https://x.com/Jaemyung_Lee/status/2019322554348106008
2019372868203868408,2026-02-05 20:29,7,순방 현장,0.544,-0.979,5325,0,0,https://x.com/Jaemyung_Lee/status/2019372868203868408
2019575019765162485,2026-02-06 09:53,1,부동산·세제,-1.71,0.676,6755,0,0,https://x.com/Jaemyung_Lee/status/2019575019765162485
2019593227058520409,2026-02-06 11:05,0,다자외교·정상회의,-0.805,-1.117,7248,0,0,https://x.com/Jaemyung_Lee/status/2019593227058520409
2019955564114280505,2026-02-07 11:05,3,개혁·반론·정치,-1.33,-0.958,7218,0,0,https://x.com/Jaemyung_Lee/status/2019955564114280505
2020422196989137197,2026-02-08 17:59,1,부동산·세제,-1.905,-0.199,8149,0,0,https://x.com/Jaemyung_Lee/status/2020422196989137197
2020722565640266012,2026-02-09 13:52,6,영문 외교 성명,1.299,0.507,25515,0,0,https://x.com/Jaemyung_Lee/status/2020722565640266012
2020746912933302543,2026-02-09 15:29,1,부동산·세제,-1.873,-0.159,6484,0,1,https://x.com/Jaemyung_Lee/status/2020746912933302543
2020881185942249615,2026-02-10 00:23,1,부동산·세제,-1.936,-0.102,5546,0,0,https://x.com/Jaemyung_Lee/status/2020881185942249615
2021051571354923371,2026-02-10 11:40,4,인사·추모·동포,-0.226,-0.209,6559,0,0,https://x.com/Jaemyung_Lee/status/2021051571354923371
2021120627160252851,2026-02-10 16:14,4,인사·추모·동포,-0.562,-0.019,5023,0,0,https://x.com/Jaemyung_Lee/status/2021120627160252851
2021197583574761905,2026-02-10 21:20,6,영문 외교 성명,1.302,1.11,4255,0,0,https://x.com/Jaemyung_Lee/status/2021197583574761905
2021514512353157284,2026-02-11 18:19,0,다자외교·정상회의,-0.466,-2.27,4261,0,0,https://x.com/Jaemyung_Lee/status/2021514512353157284
2021963210723930147,2026-02-13 00:02,1,부동산·세제,-1.756,-0.26,6837,0,0,https://x.com/Jaemyung_Lee/status/2021963210723930147
2022099714167173282,2026-02-13 09:05,1,부동산·세제,-1.779,0.048,5396,0,0,https://x.com/Jaemyung_Lee/status/2022099714167173282
2022176114891010544,2026-02-13 14:08,4,인사·추모·동포,-0.351,0.603,3711,0,1,https://x.com/Jaemyung_Lee/status/2022176114891010544
2022190333195596130,2026-02-13 15:05,2,산업·경제,0.056,2.196,3679,0,0,https://x.com/Jaemyung_Lee/status/2022190333195596130
2022191891790602609,2026-02-13 15:11,2,산업·경제,0.119,2.137,3111,0,0,https://x.com/Jaemyung_Lee/status/2022191891790602609
2022196682931548589,2026-02-13 15:30,5,현안 대응·부처,-1.023,1.107,7386,0,1,https://x.com/Jaemyung_Lee/status/2022196682931548589
2022267805773799880,2026-02-13 20:13,4,인사·추모·동포,-0.812,0.516,6497,0,0,https://x.com/Jaemyung_Lee/status/2022267805773799880
2022279635996905490,2026-02-13 21:00,3,개혁·반론·정치,-0.657,0.582,1953,1,0,https://x.com/Jaemyung_Lee/status/2022279635996905490
2022327612111274349,2026-02-14 00:10,3,개혁·반론·정치,-0.99,-0.547,6486,0,1,https://x.com/Jaemyung_Lee/status/2022327612111274349
2022474038556397745,2026-02-14 09:52,1,부동산·세제,-1.831,-0.104,8253,0,0,https://x.com/Jaemyung_Lee/status/2022474038556397745
2022618586947424686,2026-02-14 19:27,1,부동산·세제,-1.679,-0.149,8273,0,0,https://x.com/Jaemyung_Lee/status/2022618586947424686
2023074840153092332,2026-02-16 01:40,1,부동산·세제,-1.787,-0.089,8907,0,0,https://x.com/Jaemyung_Lee/status/2023074840153092332
2023487552494379234,2026-02-17 05:00,4,인사·추모·동포,0.025,0.143,8789,0,0,https://x.com/Jaemyung_Lee/status/2023487552494379234
2023617606905983319,2026-02-17 13:36,4,인사·추모·동포,-0.139,-0.078,15317,0,0,https://x.com/Jaemyung_Lee/status/2023617606905983319
2023704438213616016,2026-02-17 19:21,0,다자외교·정상회의,0.609,0.799,13091,0,0,https://x.com/Jaemyung_Lee/status/2023704438213616016
2023788856764674127,2026-02-18 00:57,1,부동산·세제,-1.734,-0.212,8174,0,0,https://x.com/Jaemyung_Lee/status/2023788856764674127
2024131973858697328,2026-02-18 23:40,0,다자외교·정상회의,0.052,-1.423,10949,0,0,https://x.com/Jaemyung_Lee/status/2024131973858697328
2024318074883887398,2026-02-19 12:00,5,현안 대응·부처,-0.146,1.585,6580,0,1,https://x.com/Jaemyung_Lee/status/2024318074883887398
2024634775055786440,2026-02-20 08:58,1,부동산·세제,-1.87,-0.012,4428,0,0,https://x.com/Jaemyung_Lee/status/2024634775055786440
2024635112185614544,2026-02-20 09:00,2,산업·경제,0.092,1.202,2967,0,0,https://x.com/Jaemyung_Lee/status/2024635112185614544
2024640613967417436,2026-02-20 09:21,4,인사·추모·동포,-0.035,-0.094,8242,0,0,https://x.com/Jaemyung_Lee/status/2024640613967417436
2024763456533204995,2026-02-20 17:30,4,인사·추모·동포,0.361,1.415,5522,0,0,https://x.com/Jaemyung_Lee/status/2024763456533204995
2024987779072229613,2026-02-21 08:21,0,다자외교·정상회의,-0.87,-1.267,7817,0,0,https://x.com/Jaemyung_Lee/status/2024987779072229613
2025207056933003399,2026-02-21 22:52,1,부동산·세제,-1.816,-0.157,7363,0,0,https://x.com/Jaemyung_Lee/status/2025207056933003399
2025358985780720082,2026-02-22 08:56,4,인사·추모·동포,-0.214,-0.48,7457,0,1,https://x.com/Jaemyung_Lee/status/2025358985780720082
2025720172817105256,2026-02-23 08:51,0,다자외교·정상회의,0.392,-1.411,28793,0,1,https://x.com/Jaemyung_Lee/status/2025720172817105256
2025783407708676272,2026-02-23 13:02,4,인사·추모·동포,0.498,0.392,4329,0,0,https://x.com/Jaemyung_Lee/status/2025783407708676272
2025918938903900269,2026-02-23 22:01,4,인사·추모·동포,-0.344,-0.224,45335,0,0,https://x.com/Jaemyung_Lee/status/2025918938903900269
2026076608243880364,2026-02-24 08:28,1,부동산·세제,-1.808,0.079,7254,0,0,https://x.com/Jaemyung_Lee/status/2026076608243880364
2026201908290183668,2026-02-24 16:45,3,개혁·반론·정치,-1.423,-1.052,3923,0,0,https://x.com/Jaemyung_Lee/status/2026201908290183668
2026292441566101571,2026-02-24 22:45,5,현안 대응·부처,-0.322,-1.373,5191,0,1,https://x.com/Jaemyung_Lee/status/2026292441566101571
2026321782710644765,2026-02-25 00:42,4,인사·추모·동포,-0.009,0.553,14508,0,1,https://x.com/Jaemyung_Lee/status/2026321782710644765
2026415731664166944,2026-02-25 06:55,3,개혁·반론·정치,-1.468,-0.712,6089,0,0,https://x.com/Jaemyung_Lee/status/2026415731664166944
2026430970250014801,2026-02-25 07:56,3,개혁·반론·정치,-1.475,-0.216,5639,0,0,https://x.com/Jaemyung_Lee/status/2026430970250014801
2026602402175136096,2026-02-25 19:17,1,부동산·세제,-1.648,0.662,6725,0,1,https://x.com/Jaemyung_Lee/status/2026602402175136096
2026614504881271192,2026-02-25 20:05,4,인사·추모·동포,0.161,1.042,5241,0,0,https://x.com/Jaemyung_Lee/status/2026614504881271192
2026811436186681425,2026-02-26 09:07,3,개혁·반론·정치,-1.298,-0.295,4380,0,1,https://x.com/Jaemyung_Lee/status/2026811436186681425
2026813184066425209,2026-02-26 09:14,1,부동산·세제,-1.789,0.56,4466,0,1,https://x.com/Jaemyung_Lee/status/2026813184066425209
2026883030439301215,2026-02-26 13:52,3,개혁·반론·정치,-0.695,0.503,4781,0,1,https://x.com/Jaemyung_Lee/status/2026883030439301215
2027032992284315864,2026-02-26 23:48,1,부동산·세제,-1.759,-0.117,13531,0,0,https://x.com/Jaemyung_Lee/status/2027032992284315864
2027347829640122521,2026-02-27 20:39,1,부동산·세제,-1.675,-0.228,17526,0,0,https://x.com/Jaemyung_Lee/status/2027347829640122521
2027361707434381346,2026-02-27 21:34,7,순방 현장,0.821,-0.723,9475,0,0,https://x.com/Jaemyung_Lee/status/2027361707434381346
2027534217283047534,2026-02-28 09:00,7,순방 현장,0.6,-0.963,10875,0,0,https://x.com/Jaemyung_Lee/status/2027534217283047534
2027938459642646938,2026-03-01 11:46,6,영문 외교 성명,1.783,0.022,5036,0,0,https://x.com/Jaemyung_Lee/status/2027938459642646938
2028040937885385004,2026-03-01 18:33,5,현안 대응·부처,-0.3,-1.288,15312,0,0,https://x.com/Jaemyung_Lee/status/2028040937885385004
2028062730863980843,2026-03-01 20:00,1,부동산·세제,-1.727,-0.147,13421,0,0,https://x.com/Jaemyung_Lee/status/2028062730863980843
2028272196511281498,2026-03-02 09:52,4,인사·추모·동포,0.149,-0.369,4260,0,0,https://x.com/Jaemyung_Lee/status/2028272196511281498
2028455451390881840,2026-03-02 22:00,2,산업·경제,0.289,1.802,3997,0,0,https://x.com/Jaemyung_Lee/status/2028455451390881840
2028456854771454086,2026-03-02 22:06,0,다자외교·정상회의,1.416,-0.755,4958,0,1,https://x.com/Jaemyung_Lee/status/2028456854771454086
2028844844857352346,2026-03-03 23:47,0,다자외교·정상회의,0.065,-0.673,4538,0,0,https://x.com/Jaemyung_Lee/status/2028844844857352346
2028982570785092001,2026-03-04 08:55,3,개혁·반론·정치,-0.926,-0.763,6986,0,0,https://x.com/Jaemyung_Lee/status/2028982570785092001
2029084251618955404,2026-03-04 15:39,4,인사·추모·동포,-0.021,-0.377,4781,0,0,https://x.com/Jaemyung_Lee/status/2029084251618955404
2029120180467712334,2026-03-04 18:02,4,인사·추모·동포,-0.119,-0.145,12513,0,0,https://x.com/Jaemyung_Lee/status/2029120180467712334
2029425526000238976,2026-03-05 14:15,4,인사·추모·동포,0.07,-0.158,4327,0,0,https://x.com/Jaemyung_Lee/status/2029425526000238976
2029429812641792250,2026-03-05 14:32,3,개혁·반론·정치,-1.387,-0.447,7563,0,0,https://x.com/Jaemyung_Lee/status/2029429812641792250
2029699982476165504,2026-03-06 08:26,3,개혁·반론·정치,-1.371,-0.338,8111,0,0,https://x.com/Jaemyung_Lee/status/2029699982476165504
2029708543662899586,2026-03-06 09:00,2,산업·경제,0.04,1.194,3840,0,0,https://x.com/Jaemyung_Lee/status/2029708543662899586
2030106698623635644,2026-03-07 11:22,4,인사·추모·동포,0.161,0.504,11016,0,0,https://x.com/Jaemyung_Lee/status/2030106698623635644
2030266439274561935,2026-03-07 21:56,3,개혁·반론·정치,-1.242,-0.9,22769,0,0,https://x.com/Jaemyung_Lee/status/2030266439274561935
2030295389174427764,2026-03-07 23:51,4,인사·추모·동포,-0.117,-1.185,5050,0,1,https://x.com/Jaemyung_Lee/status/2030295389174427764
2030449076396015675,2026-03-08 10:02,4,인사·추모·동포,0.393,1.121,10612,0,0,https://x.com/Jaemyung_Lee/status/2030449076396015675
2030672157374894334,2026-03-09 00:49,3,개혁·반론·정치,-1.32,-0.621,5627,0,1,https://x.com/Jaemyung_Lee/status/2030672157374894334
2030866178655334411,2026-03-09 13:40,7,순방 현장,1.013,-0.8,4261,0,0,https://x.com/Jaemyung_Lee/status/2030866178655334411
2030874702798008448,2026-03-09 14:13,0,다자외교·정상회의,0.504,-1.882,6168,0,1,https://x.com/Jaemyung_Lee/status/2030874702798008448
2030940389281009784,2026-03-09 18:34,3,개혁·반론·정치,-1.276,-0.298,4738,0,0,https://x.com/Jaemyung_Lee/status/2030940389281009784
2031330861875081733,2026-03-10 20:26,2,산업·경제,0.162,2.07,6233,0,0,https://x.com/Jaemyung_Lee/status/2031330861875081733
2031993131198267558,2026-03-12 16:18,2,산업·경제,1.574,0.982,3768,0,0,https://x.com/Jaemyung_Lee/status/2031993131198267558
2032003865810178493,2026-03-12 17:00,1,부동산·세제,-1.515,0.507,9965,0,0,https://x.com/Jaemyung_Lee/status/2032003865810178493
2032131718279544915,2026-03-13 01:28,5,현안 대응·부처,-1.052,1.109,5036,0,0,https://x.com/Jaemyung_Lee/status/2032131718279544915
2032230932313444391,2026-03-13 08:03,2,산업·경제,0.021,1.812,3613,0,0,https://x.com/Jaemyung_Lee/status/2032230932313444391
2032256802210136329,2026-03-13 09:45,3,개혁·반론·정치,-1.339,0.2,6913,0,0,https://x.com/Jaemyung_Lee/status/2032256802210136329
2032278368952213662,2026-03-13 11:11,1,부동산·세제,-1.467,0.761,14453,0,0,https://x.com/Jaemyung_Lee/status/2032278368952213662
2032364539665355041,2026-03-13 16:54,5,현안 대응·부처,-0.252,0.771,4999,0,1,https://x.com/Jaemyung_Lee/status/2032364539665355041
2032426864489505097,2026-03-13 21:01,7,순방 현장,0.601,-0.251,3064,1,0,https://x.com/Jaemyung_Lee/status/2032426864489505097
2032482233643336183,2026-03-14 00:41,3,개혁·반론·정치,-1.145,-0.559,11729,0,1,https://x.com/Jaemyung_Lee/status/2032482233643336183
2032695020038533318,2026-03-14 14:47,5,현안 대응·부처,0.242,-1.789,4455,0,1,https://x.com/Jaemyung_Lee/status/2032695020038533318
2032751307296223378,2026-03-14 18:30,5,현안 대응·부처,-0.701,-1.575,6255,0,0,https://x.com/Jaemyung_Lee/status/2032751307296223378
2032853238068949166,2026-03-15 01:15,3,개혁·반론·정치,-0.958,-0.209,4633,0,0,https://x.com/Jaemyung_Lee/status/2032853238068949166
2033113700773888478,2026-03-15 18:30,4,인사·추모·동포,-0.442,-0.197,8251,0,0,https://x.com/Jaemyung_Lee/status/2033113700773888478
2033323503756423459,2026-03-16 08:24,3,개혁·반론·정치,-1.448,0.179,5757,0,0,https://x.com/Jaemyung_Lee/status/2033323503756423459
2033385149497565365,2026-03-16 12:29,4,인사·추모·동포,0.497,0.289,5811,0,0,https://x.com/Jaemyung_Lee/status/2033385149497565365
2033436737620558306,2026-03-16 15:54,3,개혁·반론·정치,-1.319,-0.57,6168,0,0,https://x.com/Jaemyung_Lee/status/2033436737620558306
2033452075242369375,2026-03-16 16:55,4,인사·추모·동포,0.415,0.559,7800,0,0,https://x.com/Jaemyung_Lee/status/2033452075242369375
2033483469695901992,2026-03-16 19:00,4,인사·추모·동포,0.53,0.373,3725,0,0,https://x.com/Jaemyung_Lee/status/2033483469695901992
2033679907109409163,2026-03-17 08:00,3,개혁·반론·정치,-1.319,-0.517,5083,0,0,https://x.com/Jaemyung_Lee/status/2033679907109409163
2033769761302270434,2026-03-17 13:57,0,다자외교·정상회의,0.254,-1.269,8315,0,0,https://x.com/Jaemyung_Lee/status/2033769761302270434
2033854964637044869,2026-03-17 19:36,4,인사·추모·동포,-0.635,-1.305,3924,0,0,https://x.com/Jaemyung_Lee/status/2033854964637044869
2033885697585860978,2026-03-17 21:38,1,부동산·세제,-1.733,0.178,6200,0,0,https://x.com/Jaemyung_Lee/status/2033885697585860978
2034087400952238256,2026-03-18 11:00,4,인사·추모·동포,0.213,0.664,25437,0,0,https://x.com/Jaemyung_Lee/status/2034087400952238256
2034169702415798406,2026-03-18 16:27,5,현안 대응·부처,-0.265,0.753,8225,0,1,https://x.com/Jaemyung_Lee/status/2034169702415798406
2034172803763867867,2026-03-18 16:39,5,현안 대응·부처,-0.4,0.716,4964,0,1,https://x.com/Jaemyung_Lee/status/2034172803763867867
2034222916007776618,2026-03-18 19:58,2,산업·경제,0.305,2.029,5310,0,0,https://x.com/Jaemyung_Lee/status/2034222916007776618
2034479679315611807,2026-03-19 12:58,5,현안 대응·부처,-0.398,0.577,8961,0,1,https://x.com/Jaemyung_Lee/status/2034479679315611807
2034571516571275643,2026-03-19 19:03,3,개혁·반론·정치,-1.141,0.392,6299,0,1,https://x.com/Jaemyung_Lee/status/2034571516571275643
2034595573886501298,2026-03-19 20:39,4,인사·추모·동포,-0.124,0.6,3628,0,0,https://x.com/Jaemyung_Lee/status/2034595573886501298
2034768764542361914,2026-03-20 08:07,3,개혁·반론·정치,-1.124,-0.528,12186,0,1,https://x.com/Jaemyung_Lee/status/2034768764542361914
2034975222236074308,2026-03-20 21:47,2,산업·경제,-0.603,-0.182,5213,0,0,https://x.com/Jaemyung_Lee/status/2034975222236074308
2035188982364217707,2026-03-21 11:57,5,현안 대응·부처,-0.359,-1.544,4353,0,1,https://x.com/Jaemyung_Lee/status/2035188982364217707
2035192974276272595,2026-03-21 12:13,1,부동산·세제,-1.69,0.148,4904,0,0,https://x.com/Jaemyung_Lee/status/2035192974276272595
2035306641139421680,2026-03-21 19:44,4,인사·추모·동포,-0.548,-0.109,5815,0,0,https://x.com/Jaemyung_Lee/status/2035306641139421680
2035506750401794298,2026-03-22 09:00,2,산업·경제,0.094,1.113,3774,0,0,https://x.com/Jaemyung_Lee/status/2035506750401794298
2035516278035878113,2026-03-22 09:37,1,부동산·세제,-1.829,-0.044,6581,0,0,https://x.com/Jaemyung_Lee/status/2035516278035878113
2035520271453753382,2026-03-22 09:53,3,개혁·반론·정치,-1.289,-1.024,8111,0,1,https://x.com/Jaemyung_Lee/status/2035520271453753382
2035643729781154186,2026-03-22 18:04,5,현안 대응·부처,-0.399,-0.893,4438,0,0,https://x.com/Jaemyung_Lee/status/2035643729781154186
2036089876924543297,2026-03-23 23:37,3,개혁·반론·정치,-1.23,-0.456,5116,0,1,https://x.com/Jaemyung_Lee/status/2036089876924543297
2036095497644265787,2026-03-23 23:59,5,현안 대응·부처,0.713,1.964,5548,0,0,https://x.com/Jaemyung_Lee/status/2036095497644265787
2036287349991379182,2026-03-24 12:41,3,개혁·반론·정치,-0.783,-0.456,4348,0,1,https://x.com/Jaemyung_Lee/status/2036287349991379182
2036388083533541820,2026-03-24 19:22,3,개혁·반론·정치,-0.917,0.369,6616,0,0,https://x.com/Jaemyung_Lee/status/2036388083533541820
2036396794087874812,2026-03-24 19:56,2,산업·경제,-0.536,1.662,3407,0,0,https://x.com/Jaemyung_Lee/status/2036396794087874812
2036396839671570951,2026-03-24 19:56,5,현안 대응·부처,-0.486,1.047,4177,0,0,https://x.com/Jaemyung_Lee/status/2036396839671570951
2036412805512044595,2026-03-24 21:00,1,부동산·세제,-1.853,0.321,6062,0,0,https://x.com/Jaemyung_Lee/status/2036412805512044595
2036435063160840644,2026-03-24 22:28,6,영문 외교 성명,1.844,0.479,3946,0,0,https://x.com/Jaemyung_Lee/status/2036435063160840644
2036439072043089983,2026-03-24 22:44,3,개혁·반론·정치,-1.236,-1.031,9546,0,0,https://x.com/Jaemyung_Lee/status/2036439072043089983
2036576214983516549,2026-03-25 07:49,0,다자외교·정상회의,-0.457,-1.36,6953,0,0,https://x.com/Jaemyung_Lee/status/2036576214983516549
2036758194379501614,2026-03-25 19:52,2,산업·경제,0.292,1.604,3541,0,1,https://x.com/Jaemyung_Lee/status/2036758194379501614
2036765424617214321,2026-03-25 20:21,2,산업·경제,0.437,1.477,5880,0,0,https://x.com/Jaemyung_Lee/status/2036765424617214321
2037048336281460953,2026-03-26 15:05,5,현안 대응·부처,-0.231,1.871,3418,0,0,https://x.com/Jaemyung_Lee/status/2037048336281460953
2037087946051117063,2026-03-26 17:43,2,산업·경제,-0.509,-0.015,4253,0,0,https://x.com/Jaemyung_Lee/status/2037087946051117063
2037119872979911107,2026-03-26 19:50,4,인사·추모·동포,-0.466,0.005,4520,0,0,https://x.com/Jaemyung_Lee/status/2037119872979911107
2037174208246264026,2026-03-26 23:25,3,개혁·반론·정치,-0.674,0.509,7567,0,1,https://x.com/Jaemyung_Lee/status/2037174208246264026
2037304390399435153,2026-03-27 08:03,3,개혁·반론·정치,-1.025,-0.462,5666,0,0,https://x.com/Jaemyung_Lee/status/2037304390399435153
2037453041658741071,2026-03-27 17:53,3,개혁·반론·정치,-0.838,0.306,7063,0,0,https://x.com/Jaemyung_Lee/status/2037453041658741071
2037455179780432062,2026-03-27 18:02,4,인사·추모·동포,0.222,0.456,7986,0,0,https://x.com/Jaemyung_Lee/status/2037455179780432062
2037593296126812205,2026-03-28 03:11,1,부동산·세제,-1.774,-0.161,6820,0,0,https://x.com/Jaemyung_Lee/status/2037593296126812205
2038024783141728280,2026-03-29 07:45,3,개혁·반론·정치,-0.891,-0.812,6098,0,0,https://x.com/Jaemyung_Lee/status/2038024783141728280
2038118609093116144,2026-03-29 13:58,4,인사·추모·동포,-0.21,-0.319,8669,0,0,https://x.com/Jaemyung_Lee/status/2038118609093116144
2038195370866716833,2026-03-29 19:03,3,개혁·반론·정치,-0.88,-0.531,6931,0,0,https://x.com/Jaemyung_Lee/status/2038195370866716833
2038241393098055805,2026-03-29 22:06,7,순방 현장,0.614,-0.798,4512,0,0,https://x.com/Jaemyung_Lee/status/2038241393098055805
2038438732710478248,2026-03-30 11:10,4,인사·추모·동포,0.227,0.24,5575,0,1,https://x.com/Jaemyung_Lee/status/2038438732710478248
2038442103223865472,2026-03-30 11:24,4,인사·추모·동포,0.228,0.214,7738,0,1,https://x.com/Jaemyung_Lee/status/2038442103223865472
2038535461346345422,2026-03-30 17:35,4,인사·추모·동포,-0.051,0.089,4105,0,0,https://x.com/Jaemyung_Lee/status/2038535461346345422
2038948760269492565,2026-03-31 20:57,6,영문 외교 성명,1.677,0.629,3581,0,0,https://x.com/Jaemyung_Lee/status/2038948760269492565
2039120143360671865,2026-04-01 08:18,1,부동산·세제,-1.661,-0.307,4755,0,0,https://x.com/Jaemyung_Lee/status/2039120143360671865
2039325928808169959,2026-04-01 21:56,3,개혁·반론·정치,-0.792,-0.012,6694,0,0,https://x.com/Jaemyung_Lee/status/2039325928808169959
2039539272408260754,2026-04-02 12:03,4,인사·추모·동포,0.164,-0.73,18557,0,0,https://x.com/Jaemyung_Lee/status/2039539272408260754
2039710483520147729,2026-04-02 23:24,6,영문 외교 성명,1.643,0.634,4699,0,0,https://x.com/Jaemyung_Lee/status/2039710483520147729
2039848079499878504,2026-04-03 08:30,0,다자외교·정상회의,0.496,-1.465,4735,0,1,https://x.com/Jaemyung_Lee/status/2039848079499878504
2039990363986026808,2026-04-03 17:56,4,인사·추모·동포,0.823,-1.248,43812,0,0,https://x.com/Jaemyung_Lee/status/2039990363986026808
2040601131785883941,2026-04-05 10:23,1,부동산·세제,-1.296,0.565,4603,0,0,https://x.com/Jaemyung_Lee/status/2040601131785883941
2040620933623550036,2026-04-05 11:41,4,인사·추모·동포,-0.11,-0.429,7335,0,0,https://x.com/Jaemyung_Lee/status/2040620933623550036
2040716348150755361,2026-04-05 18:01,4,인사·추모·동포,-0.117,-0.304,5755,0,0,https://x.com/Jaemyung_Lee/status/2040716348150755361
2041491675416326641,2026-04-07 21:21,6,영문 외교 성명,1.384,0.43,3278,0,0,https://x.com/Jaemyung_Lee/status/2041491675416326641
2041796290368172223,2026-04-08 17:32,3,개혁·반론·정치,-0.616,1.469,5362,0,0,https://x.com/Jaemyung_Lee/status/2041796290368172223
2041820481662198189,2026-04-08 19:08,6,영문 외교 성명,1.331,0.527,13336,0,0,https://x.com/Jaemyung_Lee/status/2041820481662198189
2041838839594115226,2026-04-08 20:21,4,인사·추모·동포,-0.536,0.138,4566,0,0,https://x.com/Jaemyung_Lee/status/2041838839594115226
2041849444765986988,2026-04-08 21:03,5,현안 대응·부처,-0.331,-1.571,4545,0,0,https://x.com/Jaemyung_Lee/status/2041849444765986988
2042165286842098018,2026-04-09 17:58,5,현안 대응·부처,-0.779,-0.961,5728,0,0,https://x.com/Jaemyung_Lee/status/2042165286842098018
2042215546729717846,2026-04-09 21:18,3,개혁·반론·정치,-0.725,-0.483,6252,0,0,https://x.com/Jaemyung_Lee/status/2042215546729717846
2042388873570107631,2026-04-10 08:47,3,개혁·반론·정치,-1.199,-0.128,63194,0,1,https://x.com/Jaemyung_Lee/status/2042388873570107631
2042446838536814611,2026-04-10 12:37,3,개혁·반론·정치,-0.316,-0.357,19526,0,1,https://x.com/Jaemyung_Lee/status/2042446838536814611
2042561412455919796,2026-04-10 20:12,2,산업·경제,-0.538,1.73,4591,0,0,https://x.com/Jaemyung_Lee/status/2042561412455919796
2042735643449782314,2026-04-11 07:45,3,개혁·반론·정치,-0.376,-0.445,50088,0,0,https://x.com/Jaemyung_Lee/status/2042735643449782314
2042769603311386926,2026-04-11 10:00,4,인사·추모·동포,0.149,0.804,7102,0,0,https://x.com/Jaemyung_Lee/status/2042769603311386926
2043128131469607051,2026-04-12 09:44,3,개혁·반론·정치,-1.342,-0.718,34264,0,0,https://x.com/Jaemyung_Lee/status/2043128131469607051
2043152008614752394,2026-04-12 11:19,1,부동산·세제,-1.762,0.182,5892,0,0,https://x.com/Jaemyung_Lee/status/2043152008614752394
2043173663776952481,2026-04-12 12:45,4,인사·추모·동포,-0.552,-0.245,8927,0,0,https://x.com/Jaemyung_Lee/status/2043173663776952481
2043711259892498581,2026-04-14 00:21,3,개혁·반론·정치,-1.665,-0.435,14480,0,0,https://x.com/Jaemyung_Lee/status/2043711259892498581
2044300957765513593,2026-04-15 15:25,3,개혁·반론·정치,-1.08,-0.424,11266,0,0,https://x.com/Jaemyung_Lee/status/2044300957765513593
2044349570193457588,2026-04-15 18:38,2,산업·경제,0.283,1.962,6047,0,0,https://x.com/Jaemyung_Lee/status/2044349570193457588
2044583689431183618,2026-04-16 10:08,4,인사·추모·동포,-0.305,-0.27,6698,0,0,https://x.com/Jaemyung_Lee/status/2044583689431183618
2044716986043928710,2026-04-16 18:58,4,인사·추모·동포,-0.167,-0.139,11814,0,0,https://x.com/Jaemyung_Lee/status/2044716986043928710
2044995428811419931,2026-04-17 13:24,4,인사·추모·동포,-0.462,-0.086,17226,0,0,https://x.com/Jaemyung_Lee/status/2044995428811419931
2045148207416770961,2026-04-17 23:31,2,산업·경제,1.486,0.896,7639,0,0,https://x.com/Jaemyung_Lee/status/2045148207416770961
2045342832756687055,2026-04-18 12:25,1,부동산·세제,-1.61,-0.053,7033,0,0,https://x.com/Jaemyung_Lee/status/2045342832756687055
2046046271581065426,2026-04-20 11:00,4,인사·추모·동포,-0.68,0.32,7175,0,1,https://x.com/Jaemyung_Lee/status/2046046271581065426
2046046460102525142,2026-04-20 11:01,0,다자외교·정상회의,0.253,-1.379,8641,0,0,https://x.com/Jaemyung_Lee/status/2046046460102525142
2046064733338616197,2026-04-20 12:13,4,인사·추모·동포,0.183,-0.175,5956,0,0,https://x.com/Jaemyung_Lee/status/2046064733338616197
2046173704489779392,2026-04-20 19:26,4,인사·추모·동포,0.303,-0.224,4799,0,0,https://x.com/Jaemyung_Lee/status/2046173704489779392
2046188519811654111,2026-04-20 20:25,3,개혁·반론·정치,-1.156,-0.687,5621,0,0,https://x.com/Jaemyung_Lee/status/2046188519811654111
2046276978609918289,2026-04-21 02:17,0,다자외교·정상회의,1.379,-0.673,6506,0,1,https://x.com/Jaemyung_Lee/status/2046276978609918289
2046485641836548354,2026-04-21 16:06,4,인사·추모·동포,1.402,-0.691,8970,0,0,https://x.com/Jaemyung_Lee/status/2046485641836548354
2046855471479595506,2026-04-22 16:35,0,다자외교·정상회의,0.098,-1.877,4277,0,1,https://x.com/Jaemyung_Lee/status/2046855471479595506
2046978537610186976,2026-04-23 00:44,0,다자외교·정상회의,0.675,0.328,5115,0,0,https://x.com/Jaemyung_Lee/status/2046978537610186976
2046995832113975599,2026-04-23 01:53,4,인사·추모·동포,0.21,-0.152,5641,0,0,https://x.com/Jaemyung_Lee/status/2046995832113975599
2047088060421312874,2026-04-23 08:00,4,인사·추모·동포,0.292,-0.135,5457,0,0,https://x.com/Jaemyung_Lee/status/2047088060421312874
2047142776886919473,2026-04-23 11:37,4,인사·추모·동포,0.718,0.299,4821,0,0,https://x.com/Jaemyung_Lee/status/2047142776886919473
2047325931203932455,2026-04-23 23:45,2,산업·경제,1.764,0.921,4361,0,0,https://x.com/Jaemyung_Lee/status/2047325931203932455
2047328436092543094,2026-04-23 23:55,6,영문 외교 성명,1.756,0.9,4388,0,0,https://x.com/Jaemyung_Lee/status/2047328436092543094
2047479510476689891,2026-04-24 09:55,1,부동산·세제,-1.752,-0.038,6079,0,0,https://x.com/Jaemyung_Lee/status/2047479510476689891
2047482898811703443,2026-04-24 10:08,3,개혁·반론·정치,-1.247,-1.148,6946,0,0,https://x.com/Jaemyung_Lee/status/2047482898811703443
2047569080773947445,2026-04-24 15:51,6,영문 외교 성명,1.287,0.111,1199,1,0,https://x.com/Jaemyung_Lee/status/2047569080773947445
2047569199095263636,2026-04-24 15:51,6,영문 외교 성명,1.287,0.108,1346,1,0,https://x.com/Jaemyung_Lee/status/2047569199095263636
2047923337326927902,2026-04-25 15:19,3,개혁·반론·정치,-1.24,-0.147,6728,0,0,https://x.com/Jaemyung_Lee/status/2047923337326927902
2048283659518787826,2026-04-26 15:10,0,다자외교·정상회의,-1.262,-1.277,7082,0,0,https://x.com/Jaemyung_Lee/status/2048283659518787826
2048793638931771687,2026-04-28 00:57,5,현안 대응·부처,-0.484,0.604,6712,0,1,https://x.com/Jaemyung_Lee/status/2048793638931771687
2049084567706071396,2026-04-28 20:13,4,인사·추모·동포,-0.136,-0.451,6480,0,0,https://x.com/Jaemyung_Lee/status/2049084567706071396
2049700452749742412,2026-04-30 13:00,3,개혁·반론·정치,-0.862,-0.739,5320,0,0,https://x.com/Jaemyung_Lee/status/2049700452749742412
2049806068579279348,2026-04-30 20:00,2,산업·경제,1.321,0.767,5605,0,0,https://x.com/Jaemyung_Lee/status/2049806068579279348
2049843430726222250,2026-04-30 22:28,3,개혁·반론·정치,0.438,-0.867,7185,0,1,https://x.com/Jaemyung_Lee/status/2049843430726222250
2049845852416745863,2026-04-30 22:38,7,순방 현장,0.907,-0.729,6390,0,1,https://x.com/Jaemyung_Lee/status/2049845852416745863
2050051566221373500,2026-05-01 12:15,3,개혁·반론·정치,-0.818,-0.088,7322,0,1,https://x.com/Jaemyung_Lee/status/2050051566221373500
2050739830909485382,2026-05-03 09:50,3,개혁·반론·정치,-1.208,-0.318,5473,0,1,https://x.com/Jaemyung_Lee/status/2050739830909485382
2050746824303301012,2026-05-03 10:18,4,인사·추모·동포,-0.394,0.46,4392,0,1,https://x.com/Jaemyung_Lee/status/2050746824303301012
2050862936328192330,2026-05-03 18:00,7,순방 현장,0.615,-0.714,5364,0,0,https://x.com/Jaemyung_Lee/status/2050862936328192330
2051247998999658714,2026-05-04 19:30,7,순방 현장,0.549,-0.525,5758,0,0,https://x.com/Jaemyung_Lee/status/2051247998999658714
2051609967262679294,2026-05-05 19:28,2,산업·경제,0.398,2.298,5138,0,0,https://x.com/Jaemyung_Lee/status/2051609967262679294
2051625710360616991,2026-05-05 20:31,4,인사·추모·동포,0.063,0.325,4853,0,0,https://x.com/Jaemyung_Lee/status/2051625710360616991
2051681474441891984,2026-05-06 00:12,1,부동산·세제,-1.859,0.169,5846,0,0,https://x.com/Jaemyung_Lee/status/2051681474441891984
2051683259545981229,2026-05-06 00:19,3,개혁·반론·정치,-1.258,-0.109,5093,0,0,https://x.com/Jaemyung_Lee/status/2051683259545981229
2051948861602795705,2026-05-06 17:55,3,개혁·반론·정치,-0.76,-0.122,5289,0,1,https://x.com/Jaemyung_Lee/status/2051948861602795705
2052366582253535672,2026-05-07 21:34,6,영문 외교 성명,1.796,0.511,4487,0,0,https://x.com/Jaemyung_Lee/status/2052366582253535672
2052567067501682975,2026-05-08 10:51,3,개혁·반론·정치,-1.281,0.185,6092,0,0,https://x.com/Jaemyung_Lee/status/2052567067501682975
2052687861280047517,2026-05-08 18:51,6,영문 외교 성명,1.848,0.273,4854,0,0,https://x.com/Jaemyung_Lee/status/2052687861280047517
2052887765864649031,2026-05-09 08:05,3,개혁·반론·정치,-0.268,-0.582,8164,0,0,https://x.com/Jaemyung_Lee/status/2052887765864649031
2053496317226172703,2026-05-11 00:24,1,부동산·세제,-1.851,-0.22,5154,0,0,https://x.com/Jaemyung_Lee/status/2053496317226172703
2053727635721838998,2026-05-11 15:43,3,개혁·반론·정치,-1.066,-1.036,4256,0,1,https://x.com/Jaemyung_Lee/status/2053727635721838998
2053974965792444629,2026-05-12 08:06,1,부동산·세제,-1.524,0.295,6055,0,0,https://x.com/Jaemyung_Lee/status/2053974965792444629
2054090595359199458,2026-05-12 15:45,3,개혁·반론·정치,-1.139,-0.272,11951,0,0,https://x.com/Jaemyung_Lee/status/2054090595359199458
2054093157055472015,2026-05-12 15:55,3,개혁·반론·정치,-1.316,-1.057,6176,0,0,https://x.com/Jaemyung_Lee/status/2054093157055472015
2054121792630067702,2026-05-12 17:49,3,개혁·반론·정치,-0.787,-0.774,5033,0,1,https://x.com/Jaemyung_Lee/status/2054121792630067702
2054128601268687166,2026-05-12 18:16,3,개혁·반론·정치,-1.268,-0.807,3921,0,0,https://x.com/Jaemyung_Lee/status/2054128601268687166
2054150730706276549,2026-05-12 19:44,5,현안 대응·부처,-0.337,-1.425,3089,0,1,https://x.com/Jaemyung_Lee/status/2054150730706276549
2054400336681677149,2026-05-13 12:16,3,개혁·반론·정치,-1.239,-0.632,7234,0,0,https://x.com/Jaemyung_Lee/status/2054400336681677149
2054532147218882655,2026-05-13 21:00,2,산업·경제,0.406,1.889,4374,0,0,https://x.com/Jaemyung_Lee/status/2054532147218882655
2054778869148946580,2026-05-14 13:20,3,개혁·반론·정치,-1.508,0.24,4669,0,0,https://x.com/Jaemyung_Lee/status/2054778869148946580
2054856301369557095,2026-05-14 18:28,6,영문 외교 성명,1.63,-0.064,3822,0,1,https://x.com/Jaemyung_Lee/status/2054856301369557095
2054869198401405251,2026-05-14 19:19,6,영문 외교 성명,1.561,0.076,13926,0,0,https://x.com/Jaemyung_Lee/status/2054869198401405251
2054883365225214052,2026-05-14 20:15,4,인사·추모·동포,0.285,1.294,2690,0,0,https://x.com/Jaemyung_Lee/status/2054883365225214052
2055004439992471954,2026-05-15 04:16,2,산업·경제,0.378,2.245,4809,0,0,https://x.com/Jaemyung_Lee/status/2055004439992471954
2055213007144435842,2026-05-15 18:05,2,산업·경제,0.359,1.955,3684,0,0,https://x.com/Jaemyung_Lee/status/2055213007144435842
2055233514086559944,2026-05-15 19:27,3,개혁·반론·정치,-0.792,-0.25,3959,0,0,https://x.com/Jaemyung_Lee/status/2055233514086559944
2055251374972273073,2026-05-15 20:38,2,산업·경제,0.006,1.383,3540,0,0,https://x.com/Jaemyung_Lee/status/2055251374972273073
2055284824441852145,2026-05-15 22:51,5,현안 대응·부처,0.485,-0.377,3417,0,1,https://x.com/Jaemyung_Lee/status/2055284824441852145
2056040326247424388,2026-05-18 00:53,6,영문 외교 성명,1.625,0.571,5963,0,0,https://x.com/Jaemyung_Lee/status/2056040326247424388
2056168674504184063,2026-05-18 09:23,2,산업·경제,-0.569,1.647,6310,0,0,https://x.com/Jaemyung_Lee/status/2056168674504184063
2056325084063871479,2026-05-18 19:44,4,인사·추모·동포,-0.03,-0.796,7145,0,0,https://x.com/Jaemyung_Lee/status/2056325084063871479
2056337791546740976,2026-05-18 20:35,3,개혁·반론·정치,-0.563,-0.804,44212,0,0,https://x.com/Jaemyung_Lee/status/2056337791546740976
2056889224960655712,2026-05-20 09:06,4,인사·추모·동포,1.443,0.98,5076,0,0,https://x.com/Jaemyung_Lee/status/2056889224960655712
2056899225225658622,2026-05-20 09:46,3,개혁·반론·정치,-1.121,-0.469,24109,0,0,https://x.com/Jaemyung_Lee/status/2056899225225658622
2057253452988985549,2026-05-21 09:13,3,개혁·반론·정치,-1.218,-0.612,6393,0,0,https://x.com/Jaemyung_Lee/status/2057253452988985549
2057361287173361708,2026-05-21 16:22,1,부동산·세제,-1.47,-0.077,17564,0,1,https://x.com/Jaemyung_Lee/status/2057361287173361708
2057615152657375509,2026-05-22 09:10,5,현안 대응·부처,-0.119,-1.66,6287,0,1,https://x.com/Jaemyung_Lee/status/2057615152657375509
2057779672591876573,2026-05-22 20:04,2,산업·경제,-0.5,1.692,3593,0,0,https://x.com/Jaemyung_Lee/status/2057779672591876573
2057857389026841042,2026-05-23 01:13,1,부동산·세제,-1.934,0.164,6848,0,0,https://x.com/Jaemyung_Lee/status/2057857389026841042
2058135894432079941,2026-05-23 19:40,4,인사·추모·동포,0.568,0.387,5251,0,0,https://x.com/Jaemyung_Lee/status/2058135894432079941
2058146587407487264,2026-05-23 20:22,3,개혁·반론·정치,-1.003,-0.274,19383,0,0,https://x.com/Jaemyung_Lee/status/2058146587407487264
2058330881304166859,2026-05-24 08:34,3,개혁·반론·정치,-1.052,-0.31,15151,0,0,https://x.com/Jaemyung_Lee/status/2058330881304166859
2058479816769503639,2026-05-24 18:26,3,개혁·반론·정치,-0.539,-2.203,9079,0,0,https://x.com/Jaemyung_Lee/status/2058479816769503639
2059138189550633278,2026-05-26 14:02,4,인사·추모·동포,0.092,0.368,4288,0,0,https://x.com/Jaemyung_Lee/status/2059138189550633278
2059228238828945728,2026-05-26 20:00,2,산업·경제,0.433,1.579,7034,0,0,https://x.com/Jaemyung_Lee/status/2059228238828945728
2059564341717012921,2026-05-27 18:16,5,현안 대응·부처,-0.488,-1.117,5475,0,1,https://x.com/Jaemyung_Lee/status/2059564341717012921
2059569852767928714,2026-05-27 18:38,2,산업·경제,0.435,1.146,4270,0,0,https://x.com/Jaemyung_Lee/status/2059569852767928714
2059953166616268941,2026-05-28 20:01,4,인사·추모·동포,-1.194,-1.076,7029,0,0,https://x.com/Jaemyung_Lee/status/2059953166616268941
2060507155736957097,2026-05-30 08:42,4,인사·추모·동포,-1.085,-1.036,18977,0,0,https://x.com/Jaemyung_Lee/status/2060507155736957097
2060739144066932762,2026-05-31 00:04,3,개혁·반론·정치,-1.194,-0.97,21382,0,0,https://x.com/Jaemyung_Lee/status/2060739144066932762
2061000318188683535,2026-05-31 17:22,3,개혁·반론·정치,-0.98,-0.402,6869,0,0,https://x.com/Jaemyung_Lee/status/2061000318188683535
2061216207827849481,2026-06-01 07:40,1,부동산·세제,-1.827,0.272,5496,0,0,https://x.com/Jaemyung_Lee/status/2061216207827849481
2061275548329074956,2026-06-01 11:36,2,산업·경제,0.055,1.702,8506,0,0,https://x.com/Jaemyung_Lee/status/2061275548329074956
2061572074108538912,2026-06-02 07:00,3,개혁·반론·정치,-1.119,-0.026,7475,0,1,https://x.com/Jaemyung_Lee/status/2061572074108538912
2061601510098915482,2026-06-02 09:00,3,개혁·반론·정치,-1.145,0.34,6020,0,0,https://x.com/Jaemyung_Lee/status/2061601510098915482
2061767496936612286,2026-06-02 20:00,0,다자외교·정상회의,1.225,-0.748,4291,0,0,https://x.com/Jaemyung_Lee/status/2061767496936612286
2061959826541085098,2026-06-03 08:00,3,개혁·반론·정치,-1.104,0.1,9336,0,1,https://x.com/Jaemyung_Lee/status/2061959826541085098
2061977241236754484,2026-06-03 10:00,1,부동산·세제,-1.585,0.324,5377,0,1,https://x.com/Jaemyung_Lee/status/2061977241236754484
2062037342576422983,2026-06-03 14:00,3,개혁·반론·정치,-1.145,-1.001,9091,0,0,https://x.com/Jaemyung_Lee/status/2062037342576422983
2062051717236289836,2026-06-03 15:00,1,부동산·세제,-1.912,0.107,4979,0,1,https://x.com/Jaemyung_Lee/status/2062051717236289836
2062531017244885221,2026-06-04 22:00,3,개혁·반론·정치,-0.87,-0.022,7968,0,1,https://x.com/Jaemyung_Lee/status/2062531017244885221
2062690075474030614,2026-06-05 09:00,5,현안 대응·부처,-0.502,-1.379,8117,0,0,https://x.com/Jaemyung_Lee/status/2062690075474030614
2062685859615526948,2026-06-05 09:00,2,산업·경제,0.254,1.429,4710,0,0,https://x.com/Jaemyung_Lee/status/2062685859615526948
2062806600134656186,2026-06-05 16:00,1,부동산·세제,-1.785,0.659,6144,0,0,https://x.com/Jaemyung_Lee/status/2062806600134656186
2062820506873815233,2026-06-05 17:00,3,개혁·반론·정치,-1.15,0.311,6121,0,0,https://x.com/Jaemyung_Lee/status/2062820506873815233
2063552838387810748,2026-06-07 18:00,5,현안 대응·부처,-0.287,-1.444,30813,0,0,https://x.com/Jaemyung_Lee/status/2063552838387810748
2063759578924564908,2026-06-08 08:00,1,부동산·세제,-1.707,0.724,5673,0,0,https://x.com/Jaemyung_Lee/status/2063759578924564908
2064135473086550108,2026-06-09 09:00,6,영문 외교 성명,1.251,-0.394,7955,0,0,https://x.com/Jaemyung_Lee/status/2064135473086550108
2064286469150392442,2026-06-09 19:00,0,다자외교·정상회의,-0.747,-1.066,8044,0,1,https://x.com/Jaemyung_Lee/status/2064286469150392442
2064367910903296009,2026-06-10 00:00,1,부동산·세제,-1.419,0.346,4562,0,0,https://x.com/Jaemyung_Lee/status/2064367910903296009
2064487934557143472,2026-06-10 08:00,4,인사·추모·동포,0.267,-0.48,4467,0,0,https://x.com/Jaemyung_Lee/status/2064487934557143472
2064555998698979827,2026-06-10 12:00,3,개혁·반론·정치,-0.567,-1.086,5590,0,0,https://x.com/Jaemyung_Lee/status/2064555998698979827
2064568403428552787,2026-06-10 13:00,5,현안 대응·부처,-0.391,-1.499,11655,0,0,https://x.com/Jaemyung_Lee/status/2064568403428552787
2064579549137175040,2026-06-10 14:00,0,다자외교·정상회의,1.354,-0.666,12267,0,0,https://x.com/Jaemyung_Lee/status/2064579549137175040
2064629417654296630,2026-06-10 17:00,3,개혁·반론·정치,-1.034,-0.622,5377,0,1,https://x.com/Jaemyung_Lee/status/2064629417654296630
2064648069673795610,2026-06-10 18:00,3,개혁·반론·정치,-0.818,-0.698,8262,0,0,https://x.com/Jaemyung_Lee/status/2064648069673795610
2064679831514841287,2026-06-10 21:00,4,인사·추모·동포,0.594,0.322,2865,0,0,https://x.com/Jaemyung_Lee/status/2064679831514841287
2064738445734617226,2026-06-11 00:56,6,영문 외교 성명,1.957,0.184,3921,0,0,https://x.com/Jaemyung_Lee/status/2064738445734617226
2064929066239844740,2026-06-11 13:33,3,개혁·반론·정치,-1.237,-0.374,5212,0,0,https://x.com/Jaemyung_Lee/status/2064929066239844740
2064935628878586120,2026-06-11 13:59,3,개혁·반론·정치,-1.001,-0.154,5767,0,0,https://x.com/Jaemyung_Lee/status/2064935628878586120
2064992315496948080,2026-06-11 17:45,4,인사·추모·동포,1.461,-0.166,4629,0,0,https://x.com/Jaemyung_Lee/status/2064992315496948080
2065016090720366741,2026-06-11 19:19,0,다자외교·정상회의,0.075,-1.462,9221,0,1,https://x.com/Jaemyung_Lee/status/2065016090720366741
2065030103294517479,2026-06-11 20:15,4,인사·추모·동포,-0.201,-0.4,5447,0,0,https://x.com/Jaemyung_Lee/status/2065030103294517479
2065214998817730733,2026-06-12 08:30,4,인사·추모·동포,0.547,0.349,5552,0,0,https://x.com/Jaemyung_Lee/status/2065214998817730733
2065222550066536591,2026-06-12 09:00,4,인사·추모·동포,-0.005,-0.733,4907,0,0,https://x.com/Jaemyung_Lee/status/2065222550066536591
2065325839466869244,2026-06-12 15:50,6,영문 외교 성명,1.64,0.163,3674,0,0,https://x.com/Jaemyung_Lee/status/2065325839466869244
2065337458267746808,2026-06-12 16:36,4,인사·추모·동포,0.544,0.319,10179,0,0,https://x.com/Jaemyung_Lee/status/2065337458267746808
2065584939286810779,2026-06-13 09:00,2,산업·경제,0.527,1.605,4585,0,0,https://x.com/Jaemyung_Lee/status/2065584939286810779
2065690478599884834,2026-06-13 15:59,3,개혁·반론·정치,-1.427,-0.398,6002,0,0,https://x.com/Jaemyung_Lee/status/2065690478599884834
2065739112465014822,2026-06-13 19:12,3,개혁·반론·정치,-1.261,-0.935,8592,0,0,https://x.com/Jaemyung_Lee/status/2065739112465014822
2065841565080400021,2026-06-14 01:59,0,다자외교·정상회의,1.407,-0.844,4521,0,1,https://x.com/Jaemyung_Lee/status/2065841565080400021
2065962481043071076,2026-06-14 10:00,6,영문 외교 성명,1.471,-0.095,4233,0,0,https://x.com/Jaemyung_Lee/status/2065962481043071076
2065966302746103831,2026-06-14 10:15,2,산업·경제,0.465,1.165,4296,0,0,https://x.com/Jaemyung_Lee/status/2065966302746103831
2066038704112808390,2026-06-14 15:03,4,인사·추모·동포,1.394,-0.129,5528,0,0,https://x.com/Jaemyung_Lee/status/2066038704112808390
2066382575980118075,2026-06-15 13:49,3,개혁·반론·정치,-0.875,-0.312,6634,0,0,https://x.com/Jaemyung_Lee/status/2066382575980118075
2066388358126080277,2026-06-15 14:12,3,개혁·반론·정치,-1.425,0.287,5979,0,0,https://x.com/Jaemyung_Lee/status/2066388358126080277
2066522939865080175,2026-06-15 23:07,6,영문 외교 성명,1.506,0.857,5711,0,0,https://x.com/Jaemyung_Lee/status/2066522939865080175
2066672104976924988,2026-06-16 09:00,4,인사·추모·동포,1.42,-0.12,4262,0,0,https://x.com/Jaemyung_Lee/status/2066672104976924988
2066679650106110199,2026-06-16 09:30,4,인사·추모·동포,1.455,-0.244,4178,0,0,https://x.com/Jaemyung_Lee/status/2066679650106110199
2066778344679735495,2026-06-16 16:02,6,영문 외교 성명,2.021,0.276,6078,0,0,https://x.com/Jaemyung_Lee/status/2066778344679735495
2066919502840025197,2026-06-17 01:23,4,인사·추모·동포,1.486,-0.167,4844,0,0,https://x.com/Jaemyung_Lee/status/2066919502840025197
2066985589384331271,2026-06-17 05:45,6,영문 외교 성명,1.838,0.815,7337,0,1,https://x.com/Jaemyung_Lee/status/2066985589384331271
2066987503803154670,2026-06-17 05:53,0,다자외교·정상회의,1.934,-0.204,4064,0,1,https://x.com/Jaemyung_Lee/status/2066987503803154670
2067034489747116436,2026-06-17 09:00,6,영문 외교 성명,1.807,0.543,3784,0,0,https://x.com/Jaemyung_Lee/status/2067034489747116436
2067042039800410353,2026-06-17 09:30,6,영문 외교 성명,1.966,0.274,6863,0,0,https://x.com/Jaemyung_Lee/status/2067042039800410353
2067252195192709411,2026-06-17 23:25,6,영문 외교 성명,1.768,0.396,4924,0,0,https://x.com/Jaemyung_Lee/status/2067252195192709411
2067263591275995157,2026-06-18 00:10,4,인사·추모·동포,-0.216,0.472,27968,0,0,https://x.com/Jaemyung_Lee/status/2067263591275995157
2067743695861101006,2026-06-19 07:58,4,인사·추모·동포,0.298,0.682,8789,0,1,https://x.com/Jaemyung_Lee/status/2067743695861101006
2068686068753334535,2026-06-21 22:22,0,다자외교·정상회의,0.073,-1.522,6355,0,0,https://x.com/Jaemyung_Lee/status/2068686068753334535
2068724453476114522,2026-06-22 00:55,3,개혁·반론·정치,-0.848,-0.784,5241,0,0,https://x.com/Jaemyung_Lee/status/2068724453476114522
2069408328753856583,2026-06-23 22:12,4,인사·추모·동포,1.217,0.547,6507,0,0,https://x.com/Jaemyung_Lee/status/2069408328753856583
2069732629344330061,2026-06-24 19:41,7,순방 현장,0.553,-1.034,4391,0,0,https://x.com/Jaemyung_Lee/status/2069732629344330061
2069737480774099121,2026-06-24 20:00,4,인사·추모·동포,-0.216,-0.134,10796,0,0,https://x.com/Jaemyung_Lee/status/2069737480774099121
2069756020373815544,2026-06-24 21:14,3,개혁·반론·정치,-0.79,0.793,9434,0,1,https://x.com/Jaemyung_Lee/status/2069756020373815544
2070081324040568848,2026-06-25 18:47,4,인사·추모·동포,-0.471,-2.192,4374,0,0,https://x.com/Jaemyung_Lee/status/2070081324040568848
2070114301596295646,2026-06-25 20:58,3,개혁·반론·정치,-0.504,-0.588,4818,0,0,https://x.com/Jaemyung_Lee/status/2070114301596295646
2070369850447503744,2026-06-26 13:53,3,개혁·반론·정치,-0.669,0.13,6099,0,0,https://x.com/Jaemyung_Lee/status/2070369850447503744
2070443808743940595,2026-06-26 18:47,2,산업·경제,0.429,1.678,3274,0,0,https://x.com/Jaemyung_Lee/status/2070443808743940595
2070447217014677532,2026-06-26 19:00,4,인사·추모·동포,1.272,0.581,3102,0,0,https://x.com/Jaemyung_Lee/status/2070447217014677532
2070683340014047337,2026-06-27 10:39,3,개혁·반론·정치,-0.675,0.145,3447,1,0,https://x.com/Jaemyung_Lee/status/2070683340014047337
2070694564504260786,2026-06-27 11:23,2,산업·경제,0.025,1.549,8003,0,0,https://x.com/Jaemyung_Lee/status/2070694564504260786
2070695666184294421,2026-06-27 11:28,3,개혁·반론·정치,-0.227,0.151,16839,0,0,https://x.com/Jaemyung_Lee/status/2070695666184294421
2070788294187856245,2026-06-27 17:36,5,현안 대응·부처,-1.13,0.693,7214,0,0,https://x.com/Jaemyung_Lee/status/2070788294187856245
2070806016841941472,2026-06-27 18:46,2,산업·경제,0.063,1.612,5817,0,0,https://x.com/Jaemyung_Lee/status/2070806016841941472
2070816478883168684,2026-06-27 19:28,2,산업·경제,-1.414,-0.603,8327,0,0,https://x.com/Jaemyung_Lee/status/2070816478883168684
2070874123740602464,2026-06-27 23:17,2,산업·경제,0.017,1.763,8456,0,0,https://x.com/Jaemyung_Lee/status/2070874123740602464
2071094179300855932,2026-06-28 13:51,5,현안 대응·부처,-0.735,1.089,4714,0,1,https://x.com/Jaemyung_Lee/status/2071094179300855932
2071111845600227509,2026-06-28 15:01,2,산업·경제,0.044,1.567,7750,0,0,https://x.com/Jaemyung_Lee/status/2071111845600227509
2071124183527125164,2026-06-28 15:50,3,개혁·반론·정치,-1.368,-0.598,15104,0,1,https://x.com/Jaemyung_Lee/status/2071124183527125164
2071603401377644877,2026-06-29 23:35,4,인사·추모·동포,-0.159,0.209,4286,1,0,https://x.com/Jaemyung_Lee/status/2071603401377644877
2071952165296652551,2026-06-30 22:41,7,순방 현장,0.533,-1.068,5127,0,0,https://x.com/Jaemyung_Lee/status/2071952165296652551
2072107928916783273,2026-07-01 09:00,5,현안 대응·부처,-0.002,0.915,3677,0,0,https://x.com/Jaemyung_Lee/status/2072107928916783273
2072179756230197272,2026-07-01 13:45,5,현안 대응·부처,-0.407,0.678,6233,0,1,https://x.com/Jaemyung_Lee/status/2072179756230197272
2072195957836615869,2026-07-01 14:49,4,인사·추모·동포,0.517,0.306,8198,0,0,https://x.com/Jaemyung_Lee/status/2072195957836615869
2072230195172667482,2026-07-01 17:05,0,다자외교·정상회의,0.516,-1.156,4359,0,0,https://x.com/Jaemyung_Lee/status/2072230195172667482
2072278448685654445,2026-07-01 20:17,2,산업·경제,0.4,1.25,5712,0,0,https://x.com/Jaemyung_Lee/status/2072278448685654445
2072280304484601892,2026-07-01 20:25,3,개혁·반론·정치,-0.695,-0.196,7994,0,0,https://x.com/Jaemyung_Lee/status/2072280304484601892
2072615720106766648,2026-07-02 18:00,7,순방 현장,0.911,-0.845,5787,0,0,https://x.com/Jaemyung_Lee/status/2072615720106766648
2073218731745153529,2026-07-04 10:00,2,산업·경제,-0.014,1.509,6328,0,0,https://x.com/Jaemyung_Lee/status/2073218731745153529
2073436763146838527,2026-07-05 01:00,0,다자외교·정상회의,0.427,-1.376,4528,0,0,https://x.com/Jaemyung_Lee/status/2073436763146838527
2074267211213177343,2026-07-07 08:00,0,다자외교·정상회의,1.234,1.135,4586,0,0,https://x.com/Jaemyung_Lee/status/2074267211213177343
2074445440670732624,2026-07-07 19:00,7,순방 현장,0.87,-1.532,29613,0,0,https://x.com/Jaemyung_Lee/status/2074445440670732624
2074478309224919195,2026-07-07 21:00,7,순방 현장,1.19,1.143,4481,0,0,https://x.com/Jaemyung_Lee/status/2074478309224919195
2074471407594168591,2026-07-07 21:00,5,현안 대응·부처,1.263,1.213,4543,0,0,https://x.com/Jaemyung_Lee/status/2074471407594168591
2074479945217372326,2026-07-07 22:00,0,다자외교·정상회의,1.23,1.17,4333,0,0,https://x.com/Jaemyung_Lee/status/2074479945217372326
2074531919510086080,2026-07-08 01:00,6,영문 외교 성명,1.245,1.112,3378,0,0,https://x.com/Jaemyung_Lee/status/2074531919510086080
2074761417018978765,2026-07-08 16:00,1,부동산·세제,-1.704,0.661,3605,0,1,https://x.com/Jaemyung_Lee/status/2074761417018978765
2074757595701952902,2026-07-08 16:00,2,산업·경제,0.21,1.74,5390,0,0,https://x.com/Jaemyung_Lee/status/2074757595701952902
2074776992336269334,2026-07-08 17:00,4,인사·추모·동포,1.061,0.508,3632,0,0,https://x.com/Jaemyung_Lee/status/2074776992336269334
2074811166241776002,2026-07-08 20:00,7,순방 현장,1.198,1.114,3019,0,0,https://x.com/Jaemyung_Lee/status/2074811166241776002
2074838618947170399,2026-07-08 21:00,4,인사·추모·동포,1.13,0.834,3771,0,0,https://x.com/Jaemyung_Lee/status/2074838618947170399
2074867508620755256,2026-07-08 23:00,4,인사·추모·동포,-0.187,0.059,4134,0,0,https://x.com/Jaemyung_Lee/status/2074867508620755256
2074984827011690617,2026-07-09 07:00,4,인사·추모·동포,0.848,-1.616,5676,0,0,https://x.com/Jaemyung_Lee/status/2074984827011690617
2074992891148337230,2026-07-09 08:00,6,영문 외교 성명,1.184,0.985,2853,0,0,https://x.com/Jaemyung_Lee/status/2074992891148337230
2075051075384844642,2026-07-09 11:00,7,순방 현장,0.688,-1.32,3475,0,0,https://x.com/Jaemyung_Lee/status/2075051075384844642
2075043113467543999,2026-07-09 11:00,2,산업·경제,0.441,2.302,4876,0,0,https://x.com/Jaemyung_Lee/status/2075043113467543999
2075206059174838361,2026-07-09 22:00,7,순방 현장,0.716,-1.312,3924,0,0,https://x.com/Jaemyung_Lee/status/2075206059174838361
2075214769393668421,2026-07-09 22:00,6,영문 외교 성명,1.868,0.805,3426,0,0,https://x.com/Jaemyung_Lee/status/2075214769393668421
2075270790761906614,2026-07-10 02:00,2,산업·경제,0.172,-1.653,5416,0,1,https://x.com/Jaemyung_Lee/status/2075270790761906614
2075429960089538941,2026-07-10 13:00,1,부동산·세제,-1.918,-0.03,3888,0,1,https://x.com/Jaemyung_Lee/status/2075429960089538941
2075509392548802704,2026-07-10 18:00,0,다자외교·정상회의,1.268,-0.617,7377,0,1,https://x.com/Jaemyung_Lee/status/2075509392548802704
2075532416366805230,2026-07-10 19:00,0,다자외교·정상회의,0.234,-1.725,4187,0,0,https://x.com/Jaemyung_Lee/status/2075532416366805230
2075531203521003591,2026-07-10 19:00,4,인사·추모·동포,0.133,-0.728,3790,0,0,https://x.com/Jaemyung_Lee/status/2075531203521003591
2075581925386076333,2026-07-10 23:00,4,인사·추모·동포,1.138,0.86,3105,0,0,https://x.com/Jaemyung_Lee/status/2075581925386076333
2075867698412851458,2026-07-11 18:00,7,순방 현장,0.726,-1.773,4089,0,0,https://x.com/Jaemyung_Lee/status/2075867698412851458
2075876670561788335,2026-07-11 18:00,7,순방 현장,0.723,-1.772,6154,0,0,https://x.com/Jaemyung_Lee/status/2075876670561788335
2075901247241265537,2026-07-11 20:00,7,순방 현장,0.67,-1.305,5268,0,0,https://x.com/Jaemyung_Lee/status/2075901247241265537
2076612528894058628,2026-07-13 19:00,3,개혁·반론·정치,-1.294,-1.187,5837,0,1,https://x.com/Jaemyung_Lee/status/2076612528894058628
2077038308191068174,2026-07-14 23:00,0,다자외교·정상회의,1.252,-0.438,3889,0,0,https://x.com/Jaemyung_Lee/status/2077038308191068174
2077268863226622386,2026-07-15 14:00,3,개혁·반론·정치,-0.415,-0.713,7818,0,1,https://x.com/Jaemyung_Lee/status/2077268863226622386
2077309676308566427,2026-07-15 17:00,4,인사·추모·동포,0.081,0.212,5109,0,0,https://x.com/Jaemyung_Lee/status/2077309676308566427
2077346223946936602,2026-07-15 19:00,3,개혁·반론·정치,-0.814,-0.598,4182,0,0,https://x.com/Jaemyung_Lee/status/2077346223946936602
2077349284748607525,2026-07-15 20:00,3,개혁·반론·정치,-0.958,-0.588,4052,0,1,https://x.com/Jaemyung_Lee/status/2077349284748607525
2077782458062557220,2026-07-17 00:00,5,현안 대응·부처,-0.372,-0.905,3012,0,1,https://x.com/Jaemyung_Lee/status/2077782458062557220
2077924318642881007,2026-07-17 10:00,4,인사·추모·동포,0.16,-0.954,4395,0,0,https://x.com/Jaemyung_Lee/status/2077924318642881007
2077943660092752198,2026-07-17 11:00,4,인사·추모·동포,-0.369,0.4,4845,0,1,https://x.com/Jaemyung_Lee/status/2077943660092752198
2078125685135339843,2026-07-17 23:00,2,산업·경제,-1.586,0.382,4415,0,1,https://x.com/Jaemyung_Lee/status/2078125685135339843
2078428350868316273,2026-07-18 19:00,5,현안 대응·부처,-0.648,-0.468,4236,0,0,https://x.com/Jaemyung_Lee/status/2078428350868316273
2078683246670602742,2026-07-19 12:00,5,현안 대응·부처,-0.383,-1.604,7433,0,0,https://x.com/Jaemyung_Lee/status/2078683246670602742
2078717850211303737,2026-07-19 14:00,3,개혁·반론·정치,-1.456,-0.914,6259,0,1,https://x.com/Jaemyung_Lee/status/2078717850211303737
2078808026723815788,2026-07-19 20:00,3,개혁·반론·정치,-1.439,-0.774,5129,0,1,https://x.com/Jaemyung_Lee/status/2078808026723815788
2078841859091410987,2026-07-19 22:00,4,인사·추모·동포,0.047,-1.302,4832,0,0,https://x.com/Jaemyung_Lee/status/2078841859091410987
2078841117844652511,2026-07-19 22:00,4,인사·추모·동포,1.124,0.727,3137,0,0,https://x.com/Jaemyung_Lee/status/2078841117844652511
2079719848742142416,2026-07-22 09:00,4,인사·추모·동포,-0.259,1.89,3544,0,0,https://x.com/Jaemyung_Lee/status/2079719848742142416
2079885634274292066,2026-07-22 20:00,4,인사·추모·동포,0.967,0.361,3574,0,0,https://x.com/Jaemyung_Lee/status/2079885634274292066
2080216462858592470,2026-07-23 18:00,2,산업·경제,0.235,2.23,3452,0,0,https://x.com/Jaemyung_Lee/status/2080216462858592470
2080278581687836980,2026-07-23 22:00,5,현안 대응·부처,-0.412,-0.794,6703,0,1,https://x.com/Jaemyung_Lee/status/2080278581687836980
2080519958929563945,2026-07-24 14:00,7,순방 현장,0.886,-1.424,4984,0,0,https://x.com/Jaemyung_Lee/status/2080519958929563945
2080697059800400006,2026-07-25 01:00,7,순방 현장,0.816,-1.382,3932,0,0,https://x.com/Jaemyung_Lee/status/2080697059800400006
2080844103865303229,2026-07-25 11:00,2,산업·경제,0.646,1.444,4675,0,0,https://x.com/Jaemyung_Lee/status/2080844103865303229
2080874423272559075,2026-07-25 13:00,2,산업·경제,0.613,1.608,4999,0,0,https://x.com/Jaemyung_Lee/status/2080874423272559075
2080895850256183393,2026-07-25 15:00,6,영문 외교 성명,1.631,0.867,4124,0,0,https://x.com/Jaemyung_Lee/status/2080895850256183393
2081129314444255525,2026-07-26 06:00,0,다자외교·정상회의,0.554,-1.514,2928,0,1,https://x.com/Jaemyung_Lee/status/2081129314444255525
2081223859064160512,2026-07-26 12:00,4,인사·추모·동포,-0.719,0.303,3808,0,0,https://x.com/Jaemyung_Lee/status/2081223859064160512
2081229592971591822,2026-07-26 13:00,2,산업·경제,0.543,1.298,3923,0,0,https://x.com/Jaemyung_Lee/status/2081229592971591822
2081262990440235172,2026-07-26 15:00,3,개혁·반론·정치,-0.777,-0.726,4070,0,0,https://x.com/Jaemyung_Lee/status/2081262990440235172
2081527349376631125,2026-07-27 08:00,0,다자외교·정상회의,0.582,-1.439,5337,0,0,https://x.com/Jaemyung_Lee/status/2081527349376631125
2081568082041151743,2026-07-27 11:00,2,산업·경제,0.508,1.889,3359,0,0,https://x.com/Jaemyung_Lee/status/2081568082041151743
2081681000141119846,2026-07-27 19:00,4,인사·추모·동포,-0.427,-2.154,3395,0,0,https://x.com/Jaemyung_Lee/status/2081681000141119846
2081907040348495896,2026-07-28 09:00,0,다자외교·정상회의,0.534,-1.474,17007,0,1,https://x.com/Jaemyung_Lee/status/2081907040348495896
2082102756991709297,2026-07-28 22:00,4,인사·추모·동포,-0.249,0.418,7161,0,0,https://x.com/Jaemyung_Lee/status/2082102756991709297
2082154614045188255,2026-07-29 02:00,0,다자외교·정상회의,0.557,-1.521,3398,0,0,https://x.com/Jaemyung_Lee/status/2082154614045188255
2082224041398825170,2026-07-29 06:00,0,다자외교·정상회의,-0.503,1.503,3429,0,0,https://x.com/Jaemyung_Lee/status/2082224041398825170
2082223135672467850,2026-07-29 06:00,4,인사·추모·동포,0.31,-0.498,3893,0,0,https://x.com/Jaemyung_Lee/status/2082223135672467850
2082240598724280717,2026-07-29 08:00,0,다자외교·정상회의,0.165,-1.528,3310,0,0,https://x.com/Jaemyung_Lee/status/2082240598724280717
2082288380688384351,2026-07-29 11:00,4,인사·추모·동포,-0.489,1.541,4976,0,0,https://x.com/Jaemyung_Lee/status/2082288380688384351
2082403691676786739,2026-07-29 18:00,3,개혁·반론·정치,-0.568,-2.135,22872,0,0,https://x.com/Jaemyung_Lee/status/2082403691676786739
2082465237480222943,2026-07-29 22:00,2,산업·경제,0.492,2.228,3911,0,0,https://x.com/Jaemyung_Lee/status/2082465237480222943
2082472628397429218,2026-07-29 23:00,0,다자외교·정상회의,-0.82,-1.176,4802,0,0,https://x.com/Jaemyung_Lee/status/2082472628397429218
2082600249986851184,2026-07-30 07:00,7,순방 현장,0.86,-1.393,5509,0,0,https://x.com/Jaemyung_Lee/status/2082600249986851184
2082685105441804453,2026-07-30 13:00,0,다자외교·정상회의,0.21,-1.675,5148,0,0,https://x.com/Jaemyung_Lee/status/2082685105441804453
2082952310024736823,2026-07-31 07:00,4,인사·추모·동포,-0.016,-0.289,3964,0,0,https://x.com/Jaemyung_Lee/status/2082952310024736823
2082977898609402153,2026-07-31 08:00,0,다자외교·정상회의,0.435,-1.632,4157,0,0,https://x.com/Jaemyung_Lee/status/2082977898609402153
2083044089873027380,2026-07-31 13:00,7,순방 현장,0.845,-1.375,15189,0,0,https://x.com/Jaemyung_Lee/status/2083044089873027380
2083415442480410886,2026-08-01 13:00,0,다자외교·정상회의,1.12,-0.959,4752,0,0,https://x.com/Jaemyung_Lee/status/2083415442480410886
2083410363740303484,2026-08-01 13:00,4,인사·추모·동포,-0.325,1.13,3414,0,0,https://x.com/Jaemyung_Lee/status/2083410363740303484
2083820176999616611,2026-08-02 16:00,7,순방 현장,0.91,-1.366,3781,0,0,https://x.com/Jaemyung_Lee/status/2083820176999616611
2083934175879635078,2026-08-03 00:00,4,인사·추모·동포,0.108,-0.026,4566,0,0,https://x.com/Jaemyung_Lee/status/2083934175879635078
2084477848203759857,2026-08-04 12:00,1,부동산·세제,-1.875,-0.295,3912,0,0,https://x.com/Jaemyung_Lee/status/2084477848203759857
2084950679228236099,2026-08-05 19:00,0,다자외교·정상회의,0.486,0.69,4642,0,0,https://x.com/Jaemyung_Lee/status/2084950679228236099
2085687438312370452,2026-08-07 20:00,2,산업·경제,0.12,1.66,4661,0,0,https://x.com/Jaemyung_Lee/status/2085687438312370452
2085939871768514888,2026-08-08 13:00,1,부동산·세제,-0.245,1.941,4205,0,0,https://x.com/Jaemyung_Lee/status/2085939871768514888
2087113129461178470,2026-08-11 18:00,0,다자외교·정상회의,-0.79,-1.126,4761,0,0,https://x.com/Jaemyung_Lee/status/2087113129461178470
2087126919481581962,2026-08-11 19:00,4,인사·추모·동포,-0.538,-2.065,3011,0,0,https://x.com/Jaemyung_Lee/status/2087126919481581962
2087118688822710445,2026-08-11 19:00,5,현안 대응·부처,-0.596,-1.335,4419,0,0,https://x.com/Jaemyung_Lee/status/2087118688822710445
2087166888912793625,2026-08-11 22:00,0,다자외교·정상회의,-0.778,-1.194,3118,0,1,https://x.com/Jaemyung_Lee/status/2087166888912793625
2087505731264368968,2026-08-12 20:00,4,인사·추모·동포,0.97,0.351,2959,0,0,https://x.com/Jaemyung_Lee/status/2087505731264368968
2087681058477420742,2026-08-13 08:00,3,개혁·반론·정치,-1.265,0.217,3156,0,0,https://x.com/Jaemyung_Lee/status/2087681058477420742
2087829969590485489,2026-08-13 18:00,4,인사·추모·동포,-0.06,-0.23,3802,0,0,https://x.com/Jaemyung_Lee/status/2087829969590485489
2088079472440537390,2026-08-14 10:00,5,현안 대응·부처,-0.774,0.875,4244,0,0,https://x.com/Jaemyung_Lee/status/2088079472440537390
2088203662619541805,2026-08-14 18:00,3,개혁·반론·정치,-1.47,-1.126,4646,0,1,https://x.com/Jaemyung_Lee/status/2088203662619541805
2088566101286522949,2026-08-15 18:00,0,다자외교·정상회의,0.639,0.388,3645,0,0,https://x.com/Jaemyung_Lee/status/2088566101286522949
2089256733302723046,2026-08-17 16:00,4,인사·추모·동포,-0.524,-2.169,14583,0,0,https://x.com/Jaemyung_Lee/status/2089256733302723046
2089312140629041235,2026-08-17 20:00,4,인사·추모·동포,-0.552,-2.027,5017,0,0,https://x.com/Jaemyung_Lee/status/2089312140629041235
2089536521422671935,2026-08-18 11:00,2,산업·경제,0.924,1.353,3507,0,0,https://x.com/Jaemyung_Lee/status/2089536521422671935
2090089417751036398,2026-08-19 23:00,0,다자외교·정상회의,0.459,-1.361,6055,0,0,https://x.com/Jaemyung_Lee/status/2090089417751036398
2090354677418545660,2026-08-20 17:00,3,개혁·반론·정치,-0.742,-0.65,6293,0,0,https://x.com/Jaemyung_Lee/status/2090354677418545660
2090579965268087080,2026-08-21 08:00,5,현안 대응·부처,-0.284,-1.591,4984,0,1,https://x.com/Jaemyung_Lee/status/2090579965268087080
2090747940805718136,2026-08-21 19:00,2,산업·경제,0.445,2.227,3830,0,0,https://x.com/Jaemyung_Lee/status/2090747940805718136
2090774197798924729,2026-08-21 21:00,3,개혁·반론·정치,-1.153,-1.242,4555,0,1,https://x.com/Jaemyung_Lee/status/2090774197798924729
2092527239577690428,2026-08-26 17:00,5,현안 대응·부처,-0.363,1.189,3318,0,0,https://x.com/Jaemyung_Lee/status/2092527239577690428
2092547490684018736,2026-08-26 18:00,4,인사·추모·동포,0.242,0.772,5104,0,0,https://x.com/Jaemyung_Lee/status/2092547490684018736
2092748240257208357,2026-08-27 07:00,1,부동산·세제,-1.745,0.577,3099,0,0,https://x.com/Jaemyung_Lee/status/2092748240257208357
2092842262682358039,2026-08-27 14:00,3,개혁·반론·정치,-0.889,0.076,4040,0,0,https://x.com/Jaemyung_Lee/status/2092842262682358039
2092866927056322989,2026-08-27 15:00,5,현안 대응·부처,-0.385,1.164,2960,0,0,https://x.com/Jaemyung_Lee/status/2092866927056322989
2092918640761061851,2026-08-27 19:00,5,현안 대응·부처,-0.315,-1.904,2951,0,0,https://x.com/Jaemyung_Lee/status/2092918640761061851
2092994419167502604,2026-08-28 00:00,3,개혁·반론·정치,-1.171,-0.273,3836,0,0,https://x.com/Jaemyung_Lee/status/2092994419167502604
2093119129834406183,2026-08-28 08:00,3,개혁·반론·정치,-0.489,-0.609,5586,0,1,https://x.com/Jaemyung_Lee/status/2093119129834406183
2093263093296238623,2026-08-28 18:00,4,인사·추모·동포,-0.269,1.854,3181,0,0,https://x.com/Jaemyung_Lee/status/2093263093296238623
2093336758847148537,2026-08-28 22:00,5,현안 대응·부처,0.435,-0.859,2697,0,1,https://x.com/Jaemyung_Lee/status/2093336758847148537
2093910387167248422,2026-08-30 12:00,1,부동산·세제,-1.232,1.129,4661,0,1,https://x.com/Jaemyung_Lee/status/2093910387167248422
2094579388872638946,2026-09-01 09:00,3,개혁·반론·정치,-0.528,0.434,18449,0,1,https://x.com/Jaemyung_Lee/status/2094579388872638946
2094942157614535042,2026-09-02 09:00,2,산업·경제,0.209,2.289,5412,0,0,https://x.com/Jaemyung_Lee/status/2094942157614535042
2094968726257017011,2026-09-02 11:00,4,인사·추모·동포,0.052,0.442,3779,0,0,https://x.com/Jaemyung_Lee/status/2094968726257017011
2095077467413414050,2026-09-02 18:00,4,인사·추모·동포,-0.046,-0.642,2788,0,0,https://x.com/Jaemyung_Lee/status/2095077467413414050
2095124040897995243,2026-09-02 21:00,1,부동산·세제,-1.343,0.487,5922,0,0,https://x.com/Jaemyung_Lee/status/2095124040897995243
2095158697471402235,2026-09-02 23:00,5,현안 대응·부처,-0.606,1.576,4390,0,0,https://x.com/Jaemyung_Lee/status/2095158697471402235
2095356974250786969,2026-09-03 12:00,5,현안 대응·부처,-1.092,1.113,10697,0,0,https://x.com/Jaemyung_Lee/status/2095356974250786969
2095404726498279695,2026-09-03 15:00,5,현안 대응·부처,-0.159,0.832,15048,0,1,https://x.com/Jaemyung_Lee/status/2095404726498279695
2095402458612957400,2026-09-03 15:00,5,현안 대응·부처,-0.092,1.388,5869,0,1,https://x.com/Jaemyung_Lee/status/2095402458612957400
2095489965379776624,2026-09-03 21:00,5,현안 대응·부처,-0.728,1.13,3337,0,0,https://x.com/Jaemyung_Lee/status/2095489965379776624
2095656047595938023,2026-09-04 08:00,3,개혁·반론·정치,-0.707,-0.316,3923,0,1,https://x.com/Jaemyung_Lee/status/2095656047595938023
2095753976230850722,2026-09-04 15:00,5,현안 대응·부처,-0.208,-1.567,3020,0,0,https://x.com/Jaemyung_Lee/status/2095753976230850722
2095844631548461415,2026-09-04 21:00,0,다자외교·정상회의,0.581,0.777,3204,0,0,https://x.com/Jaemyung_Lee/status/2095844631548461415
2095846940928020800,2026-09-04 21:00,3,개혁·반론·정치,-0.917,0.119,6697,0,1,https://x.com/Jaemyung_Lee/status/2095846940928020800
2096102522251567513,2026-09-05 14:00,5,현안 대응·부처,0.503,-0.413,5043,0,0,https://x.com/Jaemyung_Lee/status/2096102522251567513
2096153543400923204,2026-09-05 17:00,5,현안 대응·부처,-1.251,1.133,4108,0,0,https://x.com/Jaemyung_Lee/status/2096153543400923204
2096176964717760847,2026-09-05 19:00,0,다자외교·정상회의,0.977,-1.665,9596,0,0,https://x.com/Jaemyung_Lee/status/2096176964717760847
2096405343689707552,2026-09-06 10:00,4,인사·추모·동포,-0.253,-0.115,4488,0,0,https://x.com/Jaemyung_Lee/status/2096405343689707552
2096659415235539045,2026-09-07 02:00,0,다자외교·정상회의,0.697,-1.535,3733,0,1,https://x.com/Jaemyung_Lee/status/2096659415235539045
2096726162651120098,2026-09-07 07:00,7,순방 현장,0.832,-1.472,3875,0,0,https://x.com/Jaemyung_Lee/status/2096726162651120098
2096900259188543598,2026-09-07 18:00,0,다자외교·정상회의,0.602,0.858,2732,0,0,https://x.com/Jaemyung_Lee/status/2096900259188543598
2096953597099745484,2026-09-07 22:00,0,다자외교·정상회의,0.567,0.812,3157,0,0,https://x.com/Jaemyung_Lee/status/2096953597099745484
2096990684347785330,2026-09-08 00:00,0,다자외교·정상회의,0.578,0.878,1994,0,0,https://x.com/Jaemyung_Lee/status/2096990684347785330
2097001457711198614,2026-09-08 01:00,0,다자외교·정상회의,0.585,0.9,2411,0,0,https://x.com/Jaemyung_Lee/status/2097001457711198614
